-- MySQL dump 10.13  Distrib 8.0.20, for Win64 (x86_64)
--
-- Host: localhost    Database: online_mall
-- ------------------------------------------------------
-- Server version	8.0.20

/*!40101 SET @OLD_CHARACTER_SET_CLIENT=@@CHARACTER_SET_CLIENT */;
/*!40101 SET @OLD_CHARACTER_SET_RESULTS=@@CHARACTER_SET_RESULTS */;
/*!40101 SET @OLD_COLLATION_CONNECTION=@@COLLATION_CONNECTION */;
/*!50503 SET NAMES utf8 */;
/*!40103 SET @OLD_TIME_ZONE=@@TIME_ZONE */;
/*!40103 SET TIME_ZONE='+00:00' */;
/*!40014 SET @OLD_UNIQUE_CHECKS=@@UNIQUE_CHECKS, UNIQUE_CHECKS=0 */;
/*!40014 SET @OLD_FOREIGN_KEY_CHECKS=@@FOREIGN_KEY_CHECKS, FOREIGN_KEY_CHECKS=0 */;
/*!40101 SET @OLD_SQL_MODE=@@SQL_MODE, SQL_MODE='NO_AUTO_VALUE_ON_ZERO' */;
/*!40111 SET @OLD_SQL_NOTES=@@SQL_NOTES, SQL_NOTES=0 */;

--
-- Table structure for table `cart_items`
--

DROP TABLE IF EXISTS `cart_items`;
/*!40101 SET @saved_cs_client     = @@character_set_client */;
/*!50503 SET character_set_client = utf8mb4 */;
CREATE TABLE `cart_items` (
  `id` bigint unsigned NOT NULL AUTO_INCREMENT COMMENT '购物车项ID',
  `cart_id` bigint unsigned NOT NULL COMMENT '购物车ID',
  `product_id` bigint unsigned NOT NULL COMMENT '商品ID',
  `quantity` int NOT NULL DEFAULT '1' COMMENT '商品数量',
  `created_time` timestamp NOT NULL DEFAULT CURRENT_TIMESTAMP COMMENT '创建时间',
  `updated_time` timestamp NOT NULL DEFAULT CURRENT_TIMESTAMP ON UPDATE CURRENT_TIMESTAMP COMMENT '更新时间',
  PRIMARY KEY (`id`),
  KEY `fk_cart_cart_imtems_id` (`cart_id`),
  KEY `fk_cart_imtems_product_id` (`product_id`),
  CONSTRAINT `fk_cart_cart_imtems_id` FOREIGN KEY (`cart_id`) REFERENCES `carts` (`id`) ON DELETE CASCADE,
  CONSTRAINT `fk_cart_imtems_product_id` FOREIGN KEY (`product_id`) REFERENCES `product` (`id`) ON DELETE CASCADE
) ENGINE=InnoDB AUTO_INCREMENT=19 DEFAULT CHARSET=utf8mb4 COLLATE=utf8mb4_unicode_ci COMMENT='购物车项表';
/*!40101 SET character_set_client = @saved_cs_client */;

--
-- Dumping data for table `cart_items`
--

LOCK TABLES `cart_items` WRITE;
/*!40000 ALTER TABLE `cart_items` DISABLE KEYS */;
INSERT INTO `cart_items` VALUES (13,3,10,1,'2025-11-26 14:49:29','2025-12-05 13:59:30'),(14,3,4,1,'2025-11-26 14:49:33','2025-11-26 14:49:33'),(16,5,9,2,'2025-12-04 07:41:54','2025-12-04 07:44:23');
/*!40000 ALTER TABLE `cart_items` ENABLE KEYS */;
UNLOCK TABLES;

--
-- Table structure for table `carts`
--

DROP TABLE IF EXISTS `carts`;
/*!40101 SET @saved_cs_client     = @@character_set_client */;
/*!50503 SET character_set_client = utf8mb4 */;
CREATE TABLE `carts` (
  `id` bigint unsigned NOT NULL AUTO_INCREMENT COMMENT '购物车ID',
  `user_id` bigint unsigned NOT NULL COMMENT '用户ID',
  `created_time` timestamp NOT NULL DEFAULT CURRENT_TIMESTAMP COMMENT '创建时间',
  `updated_time` timestamp NOT NULL DEFAULT CURRENT_TIMESTAMP ON UPDATE CURRENT_TIMESTAMP COMMENT '更新时间',
  PRIMARY KEY (`id`),
  UNIQUE KEY `uk_user_id` (`user_id`),
  CONSTRAINT `fk_carts_user_id` FOREIGN KEY (`user_id`) REFERENCES `user` (`id`) ON DELETE CASCADE
) ENGINE=InnoDB AUTO_INCREMENT=6 DEFAULT CHARSET=utf8mb4 COLLATE=utf8mb4_unicode_ci COMMENT='购物车表';
/*!40101 SET character_set_client = @saved_cs_client */;

--
-- Dumping data for table `carts`
--

LOCK TABLES `carts` WRITE;
/*!40000 ALTER TABLE `carts` DISABLE KEYS */;
INSERT INTO `carts` VALUES (1,2,'2025-11-11 03:51:20','2025-11-11 03:51:20'),(3,22,'2025-11-18 06:32:40','2025-11-18 06:32:40'),(5,30,'2025-12-04 07:41:54','2025-12-04 07:41:54');
/*!40000 ALTER TABLE `carts` ENABLE KEYS */;
UNLOCK TABLES;

--
-- Table structure for table `inventory_logs`
--

DROP TABLE IF EXISTS `inventory_logs`;
/*!40101 SET @saved_cs_client     = @@character_set_client */;
/*!50503 SET character_set_client = utf8mb4 */;
CREATE TABLE `inventory_logs` (
  `id` bigint unsigned NOT NULL AUTO_INCREMENT,
  `product_id` bigint unsigned NOT NULL COMMENT '商品ID',
  `change_type` enum('in','out','adjust') COLLATE utf8mb4_unicode_ci NOT NULL COMMENT '变更类型',
  `change_quantity` int NOT NULL COMMENT '变更数量',
  `current_quantity` int NOT NULL COMMENT '变更后库存',
  `reason` varchar(200) COLLATE utf8mb4_unicode_ci DEFAULT NULL COMMENT '变更原因',
  `reference_id` bigint unsigned DEFAULT NULL COMMENT '关联ID（订单ID等）',
  `operator_id` bigint unsigned DEFAULT NULL COMMENT '操作人ID',
  `created_time` datetime DEFAULT CURRENT_TIMESTAMP,
  PRIMARY KEY (`id`),
  KEY `idx_product_id` (`product_id`),
  KEY `idx_created_time` (`created_time`),
  CONSTRAINT `inventory_logs_ibfk_1` FOREIGN KEY (`product_id`) REFERENCES `product` (`id`)
) ENGINE=InnoDB AUTO_INCREMENT=158 DEFAULT CHARSET=utf8mb4 COLLATE=utf8mb4_unicode_ci COMMENT='库存变更记录表';
/*!40101 SET character_set_client = @saved_cs_client */;

--
-- Dumping data for table `inventory_logs`
--

LOCK TABLES `inventory_logs` WRITE;
/*!40000 ALTER TABLE `inventory_logs` DISABLE KEYS */;
INSERT INTO `inventory_logs` VALUES (68,6,'out',-1,967,'用户购买',29,22,'2025-11-25 19:07:22'),(69,5,'out',-5,1002,'用户购买',30,22,'2025-11-25 19:08:39'),(70,8,'in',100,100,'进货了',NULL,2,'2025-11-25 19:11:15'),(71,10,'out',-2,98,'用户购买',31,22,'2025-11-25 19:12:02'),(72,5,'in',5,1007,'顾客退货',30,2,'2025-11-25 21:09:58'),(73,10,'in',2,100,'顾客退货',31,2,'2025-11-25 23:33:01'),(74,8,'out',-1,99,'用户购买',33,22,'2025-11-25 23:36:31'),(75,10,'out',-1,99,'用户购买',34,22,'2025-11-25 23:43:30'),(76,8,'out',-1,98,'用户购买',35,22,'2025-11-26 01:20:50'),(77,9,'out',-1,296,'用户购买',35,22,'2025-11-26 01:20:50'),(94,8,'out',-1,97,'用户购买',37,22,'2025-11-27 01:04:11'),(95,9,'out',-1,295,'用户购买',37,22,'2025-11-27 01:04:11'),(96,10,'out',-1,98,'用户购买',38,22,'2025-11-27 01:20:04'),(97,10,'in',1,99,'顾客退货',38,2,'2025-11-27 01:43:04'),(98,10,'out',-98,1,'送朋友',NULL,2,'2025-11-27 01:53:04'),(99,10,'out',-1,0,'用户购买',41,22,'2025-11-27 01:55:24'),(100,10,'in',1,1,'顾客退货',41,2,'2025-11-27 01:55:48'),(101,10,'out',-1,0,'用户购买',42,22,'2025-11-27 01:56:34'),(102,8,'in',1,98,'顾客退货',35,2,'2025-11-27 01:57:55'),(103,9,'in',1,296,'顾客退货',35,2,'2025-11-27 01:57:55'),(104,10,'in',1,1,'顾客退货',42,2,'2025-11-27 01:57:57'),(105,8,'in',1,99,'顾客退货',37,2,'2025-11-27 01:58:25'),(106,9,'in',1,297,'顾客退货',37,2,'2025-11-27 01:58:25'),(107,10,'out',-1,0,'测试',NULL,2,'2025-11-27 02:03:30'),(108,10,'in',1,1,'测试',NULL,2,'2025-11-27 02:06:20'),(109,10,'in',2,3,'入库测试',NULL,2,'2025-11-27 02:11:06'),(110,8,'out',-1,98,'用户购买',44,22,'2025-11-27 02:11:35'),(111,9,'out',-1,296,'用户购买',44,22,'2025-11-27 02:11:35'),(112,10,'out',-1,2,'用户购买',44,22,'2025-11-27 02:11:35'),(113,8,'in',1,99,'顾客退货',44,2,'2025-11-27 02:12:28'),(114,9,'in',1,297,'顾客退货',44,2,'2025-11-27 02:12:28'),(115,10,'in',1,3,'顾客退货',44,2,'2025-11-27 02:12:28'),(116,10,'out',-1,2,'真的不想要了',NULL,2,'2025-11-27 02:14:02'),(117,8,'out',-1,98,'用户购买',45,22,'2025-11-27 02:19:16'),(118,9,'out',-1,296,'用户购买',45,22,'2025-11-27 02:19:16'),(119,10,'out',-1,1,'用户购买',45,22,'2025-11-27 02:19:16'),(120,8,'in',1,99,'顾客退货',45,2,'2025-11-27 02:23:26'),(121,9,'in',1,297,'顾客退货',45,2,'2025-11-27 02:23:26'),(122,10,'in',1,2,'顾客退货',45,2,'2025-11-27 02:23:26'),(123,10,'out',-1,1,'用户购买',47,22,'2025-11-27 02:43:10'),(124,10,'in',9,10,'入库测试',NULL,2,'2025-11-27 02:43:57'),(125,10,'out',-1,9,'用户购买',48,22,'2025-11-27 02:44:05'),(126,10,'out',-8,1,'出库测试',NULL,2,'2025-11-27 02:47:31'),(127,10,'in',1,2,'入库',NULL,2,'2025-11-27 02:48:00'),(128,10,'out',-1,1,'用户购买',50,22,'2025-11-27 02:48:56'),(129,10,'out',-1,0,'用户购买',49,22,'2025-11-27 02:49:39'),(130,10,'in',1,1,'顾客退货',50,2,'2025-11-27 02:50:22'),(131,10,'in',1,2,'顾客退货',49,2,'2025-11-27 02:50:23'),(132,10,'out',-1,1,'用户购买',52,22,'2025-11-27 09:03:20'),(133,10,'in',1,2,'顾客退货',52,2,'2025-11-27 09:04:11'),(134,10,'out',-1,1,'用户购买',56,22,'2025-11-27 09:23:13'),(135,10,'in',1,2,'顾客退货',56,2,'2025-11-27 09:27:02'),(136,10,'out',-1,1,'用户购买',58,22,'2025-11-27 09:29:23'),(137,10,'out',-1,0,'用户购买',57,22,'2025-11-27 09:30:02'),(138,10,'in',1,1,'顾客退货',58,2,'2025-11-27 09:30:23'),(139,10,'in',1,2,'顾客退货',57,2,'2025-11-27 09:30:25'),(140,5,'out',-1,1006,'用户购买',74,22,'2025-11-28 01:55:38'),(141,5,'out',-4,1002,'用户购买',76,29,'2025-11-30 20:12:39'),(142,11,'in',1,1,'新商品入库',NULL,29,'2025-11-30 20:18:08'),(143,11,'out',-1,0,'用户购买',78,2,'2025-11-30 20:20:38'),(144,10,'out',-1,1,'用户购买',79,2,'2025-12-01 20:27:58'),(145,10,'out',-1,0,'用户购买',84,22,'2025-12-04 00:43:17'),(146,5,'out',-1,1001,'用户购买',85,22,'2025-12-04 01:16:16'),(147,5,'in',1,1002,'顾客退货',85,2,'2025-12-04 01:48:28'),(148,8,'out',-1,98,'用户购买',94,2,'2025-12-05 18:05:16'),(149,9,'out',-1,296,'用户购买',95,2,'2025-12-05 18:11:14'),(150,8,'out',-1,97,'用户购买',96,2,'2025-12-05 21:03:57'),(151,8,'out',-1,96,'用户购买',97,2,'2025-12-05 21:18:39'),(152,8,'out',-1,95,'用户购买',98,2,'2025-12-05 21:18:47'),(153,8,'out',-1,94,'用户购买',100,22,'2025-12-05 21:55:38'),(154,8,'in',1,95,'顾客退货',100,2,'2025-12-05 21:59:10'),(155,5,'out',-1,1001,'用户购买',102,22,'2025-12-05 22:00:15'),(156,9,'out',-2,294,'用户购买',102,22,'2025-12-05 22:00:15'),(157,10,'in',1,1,'顾客退货',34,2,'2025-12-08 20:04:15');
/*!40000 ALTER TABLE `inventory_logs` ENABLE KEYS */;
UNLOCK TABLES;

--
-- Table structure for table `merchant`
--

DROP TABLE IF EXISTS `merchant`;
/*!40101 SET @saved_cs_client     = @@character_set_client */;
/*!50503 SET character_set_client = utf8mb4 */;
CREATE TABLE `merchant` (
  `id` bigint unsigned NOT NULL AUTO_INCREMENT COMMENT '商家ID',
  `name` varchar(100) CHARACTER SET utf8mb4 COLLATE utf8mb4_unicode_ci NOT NULL COMMENT '商家名称',
  `description` text CHARACTER SET utf8mb4 COLLATE utf8mb4_unicode_ci COMMENT '商家描述',
  `logo_url` varchar(500) CHARACTER SET utf8mb4 COLLATE utf8mb4_unicode_ci DEFAULT 'https://cube.elemecdn.com/e/fd/0fc7d20532fdaf769a25683617711png.png' COMMENT '商家Logo',
  `contact_person` varchar(50) CHARACTER SET utf8mb4 COLLATE utf8mb4_unicode_ci DEFAULT NULL COMMENT '联系人',
  `contact_phone` varchar(20) CHARACTER SET utf8mb4 COLLATE utf8mb4_unicode_ci DEFAULT NULL COMMENT '联系电话',
  `email` varchar(100) CHARACTER SET utf8mb4 COLLATE utf8mb4_unicode_ci DEFAULT NULL COMMENT '邮箱',
  `address` varchar(200) CHARACTER SET utf8mb4 COLLATE utf8mb4_unicode_ci DEFAULT NULL COMMENT '商家地址',
  `business_license` varchar(100) CHARACTER SET utf8mb4 COLLATE utf8mb4_unicode_ci DEFAULT NULL COMMENT '营业执照号',
  `merchant_type` tinyint DEFAULT '1' COMMENT '商家类型: 1-个人, 2-企业',
  `status` tinyint DEFAULT '1' COMMENT '状态: 0-待审核, 1-正常, 2-禁用, 3-审核失败',
  `rating` decimal(3,2) DEFAULT '0.00' COMMENT '商家评分',
  `total_sales` int DEFAULT '0' COMMENT '总销量',
  `is_active` tinyint DEFAULT '1' COMMENT '是否激活',
  `created_time` datetime DEFAULT CURRENT_TIMESTAMP COMMENT '创建时间',
  `updated_time` datetime DEFAULT CURRENT_TIMESTAMP ON UPDATE CURRENT_TIMESTAMP COMMENT '更新时间',
  `rating_count` int DEFAULT '0' COMMENT '评价数量',
  PRIMARY KEY (`id`),
  UNIQUE KEY `uk_name` (`name`),
  KEY `idx_status` (`status`),
  KEY `idx_rating` (`rating`)
) ENGINE=InnoDB AUTO_INCREMENT=9 DEFAULT CHARSET=utf8mb4 COLLATE=utf8mb4_unicode_ci COMMENT='商家表';
/*!40101 SET character_set_client = @saved_cs_client */;

--
-- Dumping data for table `merchant`
--

LOCK TABLES `merchant` WRITE;
/*!40000 ALTER TABLE `merchant` DISABLE KEYS */;
INSERT INTO `merchant` VALUES (1,'苹果官方旗舰店','官方正品，外国进口苹果产品 苹果人买苹果手机！','/logos/tech_store.png','莫明钦','18084425488','2018147749@qq.com','广州市天河区天环广场','13648425115',2,1,0.00,0,1,'2025-11-11 10:06:46','2025-12-04 20:06:32',0),(2,'心雨文具','心雨最棒','https://tse2-mm.cn.bing.net/th/id/OIP-C.AzBc_rZGTLwgopEzEKu-nwAAAA?w=189&h=190&c=7&r=0&o=7&dpr=1.5&pid=1.7&rm=3','赵心雨','18185913751','2018147749@qq.com','广州市五山广场心雨文具店','214124214215152151',1,1,2.54,3,1,'2025-11-17 15:27:47','2025-12-04 23:58:30',5),(6,'心雨电脑','发生发发售股份阿斯弗','','赵心雨','18185913751','20181466241@qq.com','阳光书院旁边驿站','13123131312',2,1,0.00,0,1,'2025-11-18 17:41:17','2025-12-04 20:16:54',0),(7,'519小卖部','11111','https://cube.elemecdn.com/e/fd/0fc7d20532fdaf769a25683617711png.png','李奶奶','17818854213','123@163.com','11111','111111',2,1,5.00,0,1,'2025-11-30 20:15:17','2025-12-04 20:16:54',1),(8,'24124','14141','https://web-management-ai.oss-cn-beijing.aliyuncs.com/2025/12/d60ccbfb-f89d-4f2c-8e8a-be1da1246807.jpg','2424','18084425488','2018147749@qq.com','华南理工大学大学城C12号宿舍楼','4444241241',2,1,0.00,0,1,'2025-12-05 18:04:20','2025-12-05 22:10:11',0);
/*!40000 ALTER TABLE `merchant` ENABLE KEYS */;
UNLOCK TABLES;

--
-- Table structure for table `merchant_user`
--

DROP TABLE IF EXISTS `merchant_user`;
/*!40101 SET @saved_cs_client     = @@character_set_client */;
/*!50503 SET character_set_client = utf8mb4 */;
CREATE TABLE `merchant_user` (
  `id` bigint unsigned NOT NULL AUTO_INCREMENT,
  `merchant_id` bigint unsigned NOT NULL COMMENT '商家ID',
  `user_id` bigint unsigned NOT NULL COMMENT '用户ID',
  `is_active` tinyint DEFAULT '1' COMMENT '是否激活',
  `created_time` datetime DEFAULT CURRENT_TIMESTAMP,
  `updated_time` datetime DEFAULT CURRENT_TIMESTAMP ON UPDATE CURRENT_TIMESTAMP,
  PRIMARY KEY (`id`),
  UNIQUE KEY `uk_merchant_user` (`merchant_id`,`user_id`),
  UNIQUE KEY `user_id` (`user_id`,`merchant_id`),
  UNIQUE KEY `user_id_2` (`user_id`),
  UNIQUE KEY `merchant_id` (`merchant_id`),
  CONSTRAINT `fk_merchant_id` FOREIGN KEY (`merchant_id`) REFERENCES `merchant` (`id`),
  CONSTRAINT `merchant_user_ibfk_1` FOREIGN KEY (`merchant_id`) REFERENCES `merchant` (`id`),
  CONSTRAINT `merchant_user_ibfk_2` FOREIGN KEY (`user_id`) REFERENCES `user` (`id`)
) ENGINE=InnoDB AUTO_INCREMENT=11 DEFAULT CHARSET=utf8mb4 COLLATE=utf8mb4_unicode_ci COMMENT='商家用户关联表';
/*!40101 SET character_set_client = @saved_cs_client */;

--
-- Dumping data for table `merchant_user`
--

LOCK TABLES `merchant_user` WRITE;
/*!40000 ALTER TABLE `merchant_user` DISABLE KEYS */;
INSERT INTO `merchant_user` VALUES (2,1,1,1,'2025-11-11 10:07:26','2025-11-11 10:07:26'),(7,2,2,1,'2025-11-18 16:02:19','2025-11-18 16:02:19'),(8,6,27,1,'2025-11-18 17:41:17','2025-11-18 17:41:17'),(9,7,29,1,'2025-11-30 20:15:17','2025-11-30 20:15:17'),(10,8,22,1,'2025-12-05 18:04:20','2025-12-05 18:04:20');
/*!40000 ALTER TABLE `merchant_user` ENABLE KEYS */;
UNLOCK TABLES;

--
-- Table structure for table `operation_log`
--

DROP TABLE IF EXISTS `operation_log`;
/*!40101 SET @saved_cs_client     = @@character_set_client */;
/*!50503 SET character_set_client = utf8mb4 */;
CREATE TABLE `operation_log` (
  `id` bigint NOT NULL AUTO_INCREMENT COMMENT '主键ID',
  `operation_user` varchar(50) NOT NULL COMMENT '操作用户（用户名/账号）',
  `user_id` bigint DEFAULT NULL COMMENT '操作用户ID（关联用户表）',
  `operation_module` varchar(50) NOT NULL COMMENT '操作模块（如：商品管理、库存日志、订单管理）',
  `operation_type` varchar(20) NOT NULL COMMENT '操作类型（如：新增、修改、删除、查询、导出）',
  `operation_desc` varchar(255) DEFAULT NULL COMMENT '操作描述（如：修改商品库存、查询库存日志）',
  `request_method` varchar(20) DEFAULT NULL COMMENT '请求方式（GET/POST/PUT/DELETE）',
  `request_url` varchar(512) DEFAULT NULL COMMENT '请求URL',
  `request_param` text COMMENT '请求参数（JSON格式）',
  `response_result` text COMMENT '响应结果（JSON格式，可选）',
  `operation_ip` varchar(50) DEFAULT NULL COMMENT '操作IP地址',
  `operation_time` datetime NOT NULL DEFAULT CURRENT_TIMESTAMP COMMENT '操作时间',
  `execution_time` bigint DEFAULT NULL COMMENT '执行耗时（毫秒）',
  `create_time` datetime NOT NULL DEFAULT CURRENT_TIMESTAMP COMMENT '记录创建时间',
  `update_time` datetime NOT NULL DEFAULT CURRENT_TIMESTAMP ON UPDATE CURRENT_TIMESTAMP COMMENT '记录更新时间',
  PRIMARY KEY (`id`) USING BTREE,
  KEY `idx_operation_user` (`operation_user`) USING BTREE,
  KEY `idx_operation_module` (`operation_module`) USING BTREE,
  KEY `idx_operation_time` (`operation_time`) USING BTREE
) ENGINE=InnoDB AUTO_INCREMENT=167 DEFAULT CHARSET=utf8mb4 COLLATE=utf8mb4_0900_ai_ci COMMENT='系统操作日志表';
/*!40101 SET character_set_client = @saved_cs_client */;

--
-- Dumping data for table `operation_log`
--

LOCK TABLES `operation_log` WRITE;
/*!40000 ALTER TABLE `operation_log` DISABLE KEYS */;
INSERT INTO `operation_log` VALUES (2,'zxy',22,'商品管理','查询','获取商品列表','GET','http://localhost:8080/products','1;1;20;','Result(code=1, msg=success, data=PageResult(total=7, rows=Page{count=true, pageNum=1, pageSize=20, startRow=0, endRow=20, total=7, pages=1, reasonable=false, pageSizeZero=false}[ProductVO(id=10, name=米卡萨排球, description=耐久耐磨可以打一万场, price=349.99, stockQuantity=0, categoryId=46, sku=赛场专用球, imageUrl=https://p0.ssl.qhimgs1.com/sdr/400__/t015f94e1226fe6b93e.jpg, isActive=1, merchantId=2, merchantName=心雨文具, categoryName=球类运动, rating=4.00, ratingCount=1, merchantRating=null, merchantRatingCount=null), ProductVO(id=8, name=梅西头像, description=球王梅西, price=22.00, stockQuantity=95, categoryId=61, sku=梅西头像很帅气, imageUrl=https://web-management-ai.oss-cn-beijing.aliyuncs.com/2025/11/b718733f-50a3-488b-864f-c638bc84b6f7.jpg, isActive=1, merchantId=2, merchantName=心雨文具, categoryName=其它, rating=3.44, ratingCount=4, merchantRating=null, merchantRatingCount=null), ProductVO(id=3, name=小米14 Pro 5G手机, description=骁龙8 Gen3处理器，2K OLED屏幕, price=5299.00, stockQuantity=944, categoryId=2, sku=XM14P-12+256-BLACK, ima...','0:0:0:0:0:0:0:1','2025-12-08 15:44:24',50,'2025-12-08 15:44:24','2025-12-08 15:44:24'),(3,'zxy',22,'商品管理','查询','获取商品列表','GET','http://localhost:8080/products','1;1;20;','Result(code=1, msg=success, data=PageResult(total=7, rows=Page{count=true, pageNum=1, pageSize=20, startRow=0, endRow=20, total=7, pages=1, reasonable=false, pageSizeZero=false}[ProductVO(id=10, name=米卡萨排球, description=耐久耐磨可以打一万场, price=349.99, stockQuantity=0, categoryId=46, sku=赛场专用球, imageUrl=https://p0.ssl.qhimgs1.com/sdr/400__/t015f94e1226fe6b93e.jpg, isActive=1, merchantId=2, merchantName=心雨文具, categoryName=球类运动, rating=4.00, ratingCount=1, merchantRating=null, merchantRatingCount=null), ProductVO(id=8, name=梅西头像, description=球王梅西, price=22.00, stockQuantity=95, categoryId=61, sku=梅西头像很帅气, imageUrl=https://web-management-ai.oss-cn-beijing.aliyuncs.com/2025/11/b718733f-50a3-488b-864f-c638bc84b6f7.jpg, isActive=1, merchantId=2, merchantName=心雨文具, categoryName=其它, rating=3.44, ratingCount=4, merchantRating=null, merchantRatingCount=null), ProductVO(id=3, name=小米14 Pro 5G手机, description=骁龙8 Gen3处理器，2K OLED屏幕, price=5299.00, stockQuantity=944, categoryId=2, sku=XM14P-12+256-BLACK, ima...','0:0:0:0:0:0:0:1','2025-12-08 15:44:40',11,'2025-12-08 15:44:40','2025-12-08 15:44:40'),(4,'zxy',22,'商品管理','查询','获取商品列表','GET','http://localhost:8080/products','1;1;20;','Result(code=1, msg=success, data=PageResult(total=7, rows=Page{count=true, pageNum=1, pageSize=20, startRow=0, endRow=20, total=7, pages=1, reasonable=false, pageSizeZero=false}[ProductVO(id=10, name=米卡萨排球, description=耐久耐磨可以打一万场, price=349.99, stockQuantity=0, categoryId=46, sku=赛场专用球, imageUrl=https://p0.ssl.qhimgs1.com/sdr/400__/t015f94e1226fe6b93e.jpg, isActive=1, merchantId=2, merchantName=心雨文具, categoryName=球类运动, rating=4.00, ratingCount=1, merchantRating=null, merchantRatingCount=null), ProductVO(id=8, name=梅西头像, description=球王梅西, price=22.00, stockQuantity=95, categoryId=61, sku=梅西头像很帅气, imageUrl=https://web-management-ai.oss-cn-beijing.aliyuncs.com/2025/11/b718733f-50a3-488b-864f-c638bc84b6f7.jpg, isActive=1, merchantId=2, merchantName=心雨文具, categoryName=其它, rating=3.44, ratingCount=4, merchantRating=null, merchantRatingCount=null), ProductVO(id=3, name=小米14 Pro 5G手机, description=骁龙8 Gen3处理器，2K OLED屏幕, price=5299.00, stockQuantity=944, categoryId=2, sku=XM14P-12+256-BLACK, ima...','0:0:0:0:0:0:0:1','2025-12-08 17:38:59',71,'2025-12-08 17:38:59','2025-12-08 17:38:59'),(5,'zxy',22,'订单管理','查询','查询用户订单','GET','http://localhost:8080/orders','','Result(code=1, msg=success, data=[UserOrdersVO(id=101, orderNumber=532476241333190664, status=CANCELLED, paymentStatus=CANCELLED, orderedTime=2025-12-05T22:09:47, totalAmount=1499.00, shippingAddressId=17, billingAddressId=null, shippedTime=null, deliveredTime=null, shipType=null, trackingNumber=null, merchantId=2, merchantName=心雨文具, remark=订单已超时，自动取消, items=[UserOrdersVO.OrderProduct(productId=9, productName=山地自行车, productPrice=1499.00, quantity=1, imageUrl=https://tse4-mm.cn.bing.net/th/id/OIP-C.Q5XP9BnAtU1I3d79cbHptgHaGu?w=210&h=191&c=7&r=0&o=7&dpr=1.5&pid=1.7&rm=3, isReviewed=false, orderItemId=128)]), UserOrdersVO(id=99, orderNumber=532474574885879814, status=CANCELLED, paymentStatus=CANCELLED, orderedTime=2025-12-05T22:03:25, totalAmount=22.00, shippingAddressId=17, billingAddressId=null, shippedTime=null, deliveredTime=null, shipType=null, trackingNumber=null, merchantId=2, merchantName=心雨文具, remark=订单已超时，自动取消, items=[UserOrdersVO.OrderProduct(productId=8, productName=梅西头像, prod...','0:0:0:0:0:0:0:1','2025-12-08 17:39:00',426,'2025-12-08 17:39:01','2025-12-08 17:39:01'),(6,'zxy',22,'订单管理','查询','查询用户订单','GET','http://localhost:8080/orders','pending;','Result(code=1, msg=success, data=[])','0:0:0:0:0:0:0:1','2025-12-08 17:39:02',2,'2025-12-08 17:39:02','2025-12-08 17:39:02'),(7,'zxy',22,'订单管理','查询','查询用户订单','GET','http://localhost:8080/orders','paid;','Result(code=1, msg=success, data=[UserOrdersVO(id=102, orderNumber=532476357297307657, status=PAID, paymentStatus=PAID, orderedTime=2025-12-05T22:00:16, totalAmount=3004.00, shippingAddressId=17, billingAddressId=null, shippedTime=null, deliveredTime=null, shipType=null, trackingNumber=null, merchantId=2, merchantName=心雨文具, remark=没有备注, items=[UserOrdersVO.OrderProduct(productId=5, productName=晨光橡皮擦666, productPrice=6.00, quantity=1, imageUrl=https://t14.baidu.com/it/u=4174676134,3989774090&fm=224&app=112&f=JPEG?w=500&h=500, isReviewed=false, orderItemId=129), UserOrdersVO.OrderProduct(productId=9, productName=山地自行车, productPrice=1499.00, quantity=2, imageUrl=https://tse4-mm.cn.bing.net/th/id/OIP-C.Q5XP9BnAtU1I3d79cbHptgHaGu?w=210&h=191&c=7&r=0&o=7&dpr=1.5&pid=1.7&rm=3, isReviewed=false, orderItemId=130)]), UserOrdersVO(id=84, orderNumber=531776153074008065, status=PAID, paymentStatus=PAID, orderedTime=2025-12-04T00:43:17, totalAmount=349.99, shippingAddressId=17, billingAddressId=null...','0:0:0:0:0:0:0:1','2025-12-08 17:39:03',5,'2025-12-08 17:39:03','2025-12-08 17:39:03'),(8,'zxy',22,'订单管理','查询','查询用户订单','GET','http://localhost:8080/orders','shipped;','Result(code=1, msg=success, data=[])','0:0:0:0:0:0:0:1','2025-12-08 17:39:03',3,'2025-12-08 17:39:03','2025-12-08 17:39:03'),(9,'zxy',22,'订单管理','查询','查询用户订单','GET','http://localhost:8080/orders','delivered;','Result(code=1, msg=success, data=[UserOrdersVO(id=33, orderNumber=528790308989698060, status=DELIVERED, paymentStatus=PAID, orderedTime=2025-11-25T23:37:57, totalAmount=22.00, shippingAddressId=16, billingAddressId=13, shippedTime=2025-11-25T23:36:45, deliveredTime=2025-11-25T23:37:57, shipType=ZT, trackingNumber=ZT_384442524681, merchantId=2, merchantName=心雨文具, remark=没有备注, items=[UserOrdersVO.OrderProduct(productId=8, productName=梅西头像, productPrice=22.00, quantity=1, imageUrl=https://web-management-ai.oss-cn-beijing.aliyuncs.com/2025/11/b718733f-50a3-488b-864f-c638bc84b6f7.jpg, isReviewed=true, orderItemId=46)])])','0:0:0:0:0:0:0:1','2025-12-08 17:39:03',3,'2025-12-08 17:39:03','2025-12-08 17:39:03'),(10,'zxy',22,'订单管理','查询','查询用户订单','GET','http://localhost:8080/orders','cancelled;','Result(code=1, msg=success, data=[UserOrdersVO(id=101, orderNumber=532476241333190664, status=CANCELLED, paymentStatus=CANCELLED, orderedTime=2025-12-05T22:09:47, totalAmount=1499.00, shippingAddressId=17, billingAddressId=null, shippedTime=null, deliveredTime=null, shipType=null, trackingNumber=null, merchantId=2, merchantName=心雨文具, remark=订单已超时，自动取消, items=[UserOrdersVO.OrderProduct(productId=9, productName=山地自行车, productPrice=1499.00, quantity=1, imageUrl=https://tse4-mm.cn.bing.net/th/id/OIP-C.Q5XP9BnAtU1I3d79cbHptgHaGu?w=210&h=191&c=7&r=0&o=7&dpr=1.5&pid=1.7&rm=3, isReviewed=false, orderItemId=128)]), UserOrdersVO(id=99, orderNumber=532474574885879814, status=CANCELLED, paymentStatus=CANCELLED, orderedTime=2025-12-05T22:03:25, totalAmount=22.00, shippingAddressId=17, billingAddressId=null, shippedTime=null, deliveredTime=null, shipType=null, trackingNumber=null, merchantId=2, merchantName=心雨文具, remark=订单已超时，自动取消, items=[UserOrdersVO.OrderProduct(productId=8, productName=梅西头像, prod...','0:0:0:0:0:0:0:1','2025-12-08 17:39:04',17,'2025-12-08 17:39:04','2025-12-08 17:39:04'),(11,'zxy',22,'订单管理','查询','查询用户订单','GET','http://localhost:8080/orders','delivered;','Result(code=1, msg=success, data=[UserOrdersVO(id=33, orderNumber=528790308989698060, status=DELIVERED, paymentStatus=PAID, orderedTime=2025-11-25T23:37:57, totalAmount=22.00, shippingAddressId=16, billingAddressId=13, shippedTime=2025-11-25T23:36:45, deliveredTime=2025-11-25T23:37:57, shipType=ZT, trackingNumber=ZT_384442524681, merchantId=2, merchantName=心雨文具, remark=没有备注, items=[UserOrdersVO.OrderProduct(productId=8, productName=梅西头像, productPrice=22.00, quantity=1, imageUrl=https://web-management-ai.oss-cn-beijing.aliyuncs.com/2025/11/b718733f-50a3-488b-864f-c638bc84b6f7.jpg, isReviewed=true, orderItemId=46)])])','0:0:0:0:0:0:0:1','2025-12-08 17:39:04',2,'2025-12-08 17:39:04','2025-12-08 17:39:04'),(12,'zxy',22,'订单管理','查询','查询用户订单','GET','http://localhost:8080/orders','shipped;','Result(code=1, msg=success, data=[])','0:0:0:0:0:0:0:1','2025-12-08 17:39:05',2,'2025-12-08 17:39:05','2025-12-08 17:39:05'),(13,'zxy',22,'订单管理','查询','查询用户订单','GET','http://localhost:8080/orders','paid;','Result(code=1, msg=success, data=[UserOrdersVO(id=102, orderNumber=532476357297307657, status=PAID, paymentStatus=PAID, orderedTime=2025-12-05T22:00:16, totalAmount=3004.00, shippingAddressId=17, billingAddressId=null, shippedTime=null, deliveredTime=null, shipType=null, trackingNumber=null, merchantId=2, merchantName=心雨文具, remark=没有备注, items=[UserOrdersVO.OrderProduct(productId=5, productName=晨光橡皮擦666, productPrice=6.00, quantity=1, imageUrl=https://t14.baidu.com/it/u=4174676134,3989774090&fm=224&app=112&f=JPEG?w=500&h=500, isReviewed=false, orderItemId=129), UserOrdersVO.OrderProduct(productId=9, productName=山地自行车, productPrice=1499.00, quantity=2, imageUrl=https://tse4-mm.cn.bing.net/th/id/OIP-C.Q5XP9BnAtU1I3d79cbHptgHaGu?w=210&h=191&c=7&r=0&o=7&dpr=1.5&pid=1.7&rm=3, isReviewed=false, orderItemId=130)]), UserOrdersVO(id=84, orderNumber=531776153074008065, status=PAID, paymentStatus=PAID, orderedTime=2025-12-04T00:43:17, totalAmount=349.99, shippingAddressId=17, billingAddressId=null...','0:0:0:0:0:0:0:1','2025-12-08 17:39:05',3,'2025-12-08 17:39:05','2025-12-08 17:39:05'),(14,'zxy',22,'订单管理','查询','查询用户订单','GET','http://localhost:8080/orders','','Result(code=1, msg=success, data=[UserOrdersVO(id=101, orderNumber=532476241333190664, status=CANCELLED, paymentStatus=CANCELLED, orderedTime=2025-12-05T22:09:47, totalAmount=1499.00, shippingAddressId=17, billingAddressId=null, shippedTime=null, deliveredTime=null, shipType=null, trackingNumber=null, merchantId=2, merchantName=心雨文具, remark=订单已超时，自动取消, items=[UserOrdersVO.OrderProduct(productId=9, productName=山地自行车, productPrice=1499.00, quantity=1, imageUrl=https://tse4-mm.cn.bing.net/th/id/OIP-C.Q5XP9BnAtU1I3d79cbHptgHaGu?w=210&h=191&c=7&r=0&o=7&dpr=1.5&pid=1.7&rm=3, isReviewed=false, orderItemId=128)]), UserOrdersVO(id=99, orderNumber=532474574885879814, status=CANCELLED, paymentStatus=CANCELLED, orderedTime=2025-12-05T22:03:25, totalAmount=22.00, shippingAddressId=17, billingAddressId=null, shippedTime=null, deliveredTime=null, shipType=null, trackingNumber=null, merchantId=2, merchantName=心雨文具, remark=订单已超时，自动取消, items=[UserOrdersVO.OrderProduct(productId=8, productName=梅西头像, prod...','0:0:0:0:0:0:0:1','2025-12-08 17:39:06',24,'2025-12-08 17:39:06','2025-12-08 17:39:06'),(15,'zxy',22,'商品管理','查询','获取商品列表','GET','http://localhost:8080/products','1;1;20;','Result(code=1, msg=success, data=PageResult(total=7, rows=Page{count=true, pageNum=1, pageSize=20, startRow=0, endRow=20, total=7, pages=1, reasonable=false, pageSizeZero=false}[ProductVO(id=10, name=米卡萨排球, description=耐久耐磨可以打一万场, price=349.99, stockQuantity=0, categoryId=46, sku=赛场专用球, imageUrl=https://p0.ssl.qhimgs1.com/sdr/400__/t015f94e1226fe6b93e.jpg, isActive=1, merchantId=2, merchantName=心雨文具, categoryName=球类运动, rating=4.00, ratingCount=1, merchantRating=null, merchantRatingCount=null), ProductVO(id=8, name=梅西头像, description=球王梅西, price=22.00, stockQuantity=95, categoryId=61, sku=梅西头像很帅气, imageUrl=https://web-management-ai.oss-cn-beijing.aliyuncs.com/2025/11/b718733f-50a3-488b-864f-c638bc84b6f7.jpg, isActive=1, merchantId=2, merchantName=心雨文具, categoryName=其它, rating=3.44, ratingCount=4, merchantRating=null, merchantRatingCount=null), ProductVO(id=3, name=小米14 Pro 5G手机, description=骁龙8 Gen3处理器，2K OLED屏幕, price=5299.00, stockQuantity=944, categoryId=2, sku=XM14P-12+256-BLACK, ima...','0:0:0:0:0:0:0:1','2025-12-08 17:39:08',7,'2025-12-08 17:39:08','2025-12-08 17:39:08'),(16,'zxy',22,'订单管理','查询','查询用户订单','GET','http://localhost:8080/orders','','Result(code=1, msg=success, data=[UserOrdersVO(id=101, orderNumber=532476241333190664, status=CANCELLED, paymentStatus=CANCELLED, orderedTime=2025-12-05T22:09:47, totalAmount=1499.00, shippingAddressId=17, billingAddressId=null, shippedTime=null, deliveredTime=null, shipType=null, trackingNumber=null, merchantId=2, merchantName=心雨文具, remark=订单已超时，自动取消, items=[UserOrdersVO.OrderProduct(productId=9, productName=山地自行车, productPrice=1499.00, quantity=1, imageUrl=https://tse4-mm.cn.bing.net/th/id/OIP-C.Q5XP9BnAtU1I3d79cbHptgHaGu?w=210&h=191&c=7&r=0&o=7&dpr=1.5&pid=1.7&rm=3, isReviewed=false, orderItemId=128)]), UserOrdersVO(id=99, orderNumber=532474574885879814, status=CANCELLED, paymentStatus=CANCELLED, orderedTime=2025-12-05T22:03:25, totalAmount=22.00, shippingAddressId=17, billingAddressId=null, shippedTime=null, deliveredTime=null, shipType=null, trackingNumber=null, merchantId=2, merchantName=心雨文具, remark=订单已超时，自动取消, items=[UserOrdersVO.OrderProduct(productId=8, productName=梅西头像, prod...','0:0:0:0:0:0:0:1','2025-12-08 17:39:13',16,'2025-12-08 17:39:13','2025-12-08 17:39:13'),(17,'zxy',22,'订单管理','查询','查询用户订单','GET','http://localhost:8080/orders','shipped;','Result(code=1, msg=success, data=[])','0:0:0:0:0:0:0:1','2025-12-08 17:39:17',0,'2025-12-08 17:39:17','2025-12-08 17:39:17'),(18,'zxy',22,'订单管理','查询','查询用户订单','GET','http://localhost:8080/orders','delivered;','Result(code=1, msg=success, data=[UserOrdersVO(id=33, orderNumber=528790308989698060, status=DELIVERED, paymentStatus=PAID, orderedTime=2025-11-25T23:37:57, totalAmount=22.00, shippingAddressId=16, billingAddressId=13, shippedTime=2025-11-25T23:36:45, deliveredTime=2025-11-25T23:37:57, shipType=ZT, trackingNumber=ZT_384442524681, merchantId=2, merchantName=心雨文具, remark=没有备注, items=[UserOrdersVO.OrderProduct(productId=8, productName=梅西头像, productPrice=22.00, quantity=1, imageUrl=https://web-management-ai.oss-cn-beijing.aliyuncs.com/2025/11/b718733f-50a3-488b-864f-c638bc84b6f7.jpg, isReviewed=true, orderItemId=46)])])','0:0:0:0:0:0:0:1','2025-12-08 17:39:17',3,'2025-12-08 17:39:17','2025-12-08 17:39:17'),(19,'zxy',22,'订单管理','查询','查询商家订单','GET','http://localhost:8080/orders/merchant','','Result(code=1, msg=success, data=[])','0:0:0:0:0:0:0:1','2025-12-08 17:39:40',4,'2025-12-08 17:39:40','2025-12-08 17:39:40'),(20,'zxy',22,'商品评论管理','查询','查询商家评价','GET','http://localhost:8080/reviews/merchant',NULL,'Result(code=1, msg=success, data=[])','0:0:0:0:0:0:0:1','2025-12-08 17:39:43',7,'2025-12-08 17:39:43','2025-12-08 17:39:43'),(21,'zxy',22,'订单管理','查询','查询商家订单','GET','http://localhost:8080/orders/merchant','','Result(code=1, msg=success, data=[])','0:0:0:0:0:0:0:1','2025-12-08 17:39:44',0,'2025-12-08 17:39:44','2025-12-08 17:39:44'),(22,'荒天',2,'商品管理','查询','获取商品列表','GET','http://localhost:8080/products','1;1;20;','Result(code=1, msg=success, data=PageResult(total=7, rows=Page{count=true, pageNum=1, pageSize=20, startRow=0, endRow=20, total=7, pages=1, reasonable=false, pageSizeZero=false}[ProductVO(id=10, name=米卡萨排球, description=耐久耐磨可以打一万场, price=349.99, stockQuantity=0, categoryId=46, sku=赛场专用球, imageUrl=https://p0.ssl.qhimgs1.com/sdr/400__/t015f94e1226fe6b93e.jpg, isActive=1, merchantId=2, merchantName=心雨文具, categoryName=球类运动, rating=4.00, ratingCount=1, merchantRating=null, merchantRatingCount=null), ProductVO(id=8, name=梅西头像, description=球王梅西, price=22.00, stockQuantity=95, categoryId=61, sku=梅西头像很帅气, imageUrl=https://web-management-ai.oss-cn-beijing.aliyuncs.com/2025/11/b718733f-50a3-488b-864f-c638bc84b6f7.jpg, isActive=1, merchantId=2, merchantName=心雨文具, categoryName=其它, rating=3.44, ratingCount=4, merchantRating=null, merchantRatingCount=null), ProductVO(id=3, name=小米14 Pro 5G手机, description=骁龙8 Gen3处理器，2K OLED屏幕, price=5299.00, stockQuantity=944, categoryId=2, sku=XM14P-12+256-BLACK, ima...','0:0:0:0:0:0:0:1','2025-12-08 17:39:47',11,'2025-12-08 17:39:47','2025-12-08 17:39:47'),(23,'荒天',2,'订单管理','查询','查询商家订单','GET','http://localhost:8080/orders/merchant','','Result(code=1, msg=success, data=[MerchantOrdersVO(id=101, orderNumber=532476241333190664, status=CANCELLED, paymentStatus=CANCELLED, orderedTime=2025-12-05T22:09:47, totalAmount=1499.00, shippingAddressId=17, billingAddressId=null, shippedTime=null, deliveredTime=null, shipType=null, trackingNumber=null, customerNickName=zxy, customerImage=https://web-management-ai.oss-cn-beijing.aliyuncs.com/2025/11/0977c037-66df-44bd-a2b1-0a6879b99d1f.jpg, remark=订单已超时，自动取消, items=[UserOrdersVO.OrderProduct(productId=9, productName=山地自行车, productPrice=1499.00, quantity=1, imageUrl=https://tse4-mm.cn.bing.net/th/id/OIP-C.Q5XP9BnAtU1I3d79cbHptgHaGu?w=210&h=191&c=7&r=0&o=7&dpr=1.5&pid=1.7&rm=3, isReviewed=null, orderItemId=null)]), MerchantOrdersVO(id=99, orderNumber=532474574885879814, status=CANCELLED, paymentStatus=CANCELLED, orderedTime=2025-12-05T22:03:25, totalAmount=22.00, shippingAddressId=17, billingAddressId=null, shippedTime=null, deliveredTime=null, shipType=null, trackingNumber=null, custo...','0:0:0:0:0:0:0:1','2025-12-08 17:39:49',20,'2025-12-08 17:39:49','2025-12-08 17:39:49'),(24,'荒天',2,'订单管理','查询','查询用户订单','GET','http://localhost:8080/orders','','Result(code=1, msg=success, data=[UserOrdersVO(id=98, orderNumber=532465662828740613, status=DELIVERED, paymentStatus=PAID, orderedTime=2025-12-05T21:19:58, totalAmount=22.00, shippingAddressId=13, billingAddressId=12, shippedTime=2025-12-05T21:19:27, deliveredTime=2025-12-05T21:19:58, shipType=YD, trackingNumber=YD_823969587972, merchantId=2, merchantName=心雨文具, remark=没有备注, items=[UserOrdersVO.OrderProduct(productId=8, productName=梅西头像, productPrice=22.00, quantity=1, imageUrl=https://web-management-ai.oss-cn-beijing.aliyuncs.com/2025/11/b718733f-50a3-488b-864f-c638bc84b6f7.jpg, isReviewed=true, orderItemId=125)]), UserOrdersVO(id=97, orderNumber=532465632763969540, status=DELIVERED, paymentStatus=PAID, orderedTime=2025-12-05T21:19:56, totalAmount=22.00, shippingAddressId=12, billingAddressId=12, shippedTime=2025-12-05T21:19:34, deliveredTime=2025-12-05T21:19:56, shipType=YD, trackingNumber=YD_782100327235, merchantId=2, merchantName=心雨文具, remark=没有备注, items=[UserOrdersVO.OrderProduct...','0:0:0:0:0:0:0:1','2025-12-08 17:39:51',5,'2025-12-08 17:39:51','2025-12-08 17:39:51'),(25,'荒天',2,'订单管理','查询','查询用户订单','GET','http://localhost:8080/orders','','Result(code=1, msg=success, data=[UserOrdersVO(id=98, orderNumber=532465662828740613, status=DELIVERED, paymentStatus=PAID, orderedTime=2025-12-05T21:19:58, totalAmount=22.00, shippingAddressId=13, billingAddressId=12, shippedTime=2025-12-05T21:19:27, deliveredTime=2025-12-05T21:19:58, shipType=YD, trackingNumber=YD_823969587972, merchantId=2, merchantName=心雨文具, remark=没有备注, items=[UserOrdersVO.OrderProduct(productId=8, productName=梅西头像, productPrice=22.00, quantity=1, imageUrl=https://web-management-ai.oss-cn-beijing.aliyuncs.com/2025/11/b718733f-50a3-488b-864f-c638bc84b6f7.jpg, isReviewed=true, orderItemId=125)]), UserOrdersVO(id=97, orderNumber=532465632763969540, status=DELIVERED, paymentStatus=PAID, orderedTime=2025-12-05T21:19:56, totalAmount=22.00, shippingAddressId=12, billingAddressId=12, shippedTime=2025-12-05T21:19:34, deliveredTime=2025-12-05T21:19:56, shipType=YD, trackingNumber=YD_782100327235, merchantId=2, merchantName=心雨文具, remark=没有备注, items=[UserOrdersVO.OrderProduct...','0:0:0:0:0:0:0:1','2025-12-08 17:39:56',5,'2025-12-08 17:39:56','2025-12-08 17:39:56'),(26,'荒天',2,'订单管理','查询','查询商家订单','GET','http://localhost:8080/orders/merchant','','Result(code=1, msg=success, data=[MerchantOrdersVO(id=101, orderNumber=532476241333190664, status=CANCELLED, paymentStatus=CANCELLED, orderedTime=2025-12-05T22:09:47, totalAmount=1499.00, shippingAddressId=17, billingAddressId=null, shippedTime=null, deliveredTime=null, shipType=null, trackingNumber=null, customerNickName=zxy, customerImage=https://web-management-ai.oss-cn-beijing.aliyuncs.com/2025/11/0977c037-66df-44bd-a2b1-0a6879b99d1f.jpg, remark=订单已超时，自动取消, items=[UserOrdersVO.OrderProduct(productId=9, productName=山地自行车, productPrice=1499.00, quantity=1, imageUrl=https://tse4-mm.cn.bing.net/th/id/OIP-C.Q5XP9BnAtU1I3d79cbHptgHaGu?w=210&h=191&c=7&r=0&o=7&dpr=1.5&pid=1.7&rm=3, isReviewed=null, orderItemId=null)]), MerchantOrdersVO(id=99, orderNumber=532474574885879814, status=CANCELLED, paymentStatus=CANCELLED, orderedTime=2025-12-05T22:03:25, totalAmount=22.00, shippingAddressId=17, billingAddressId=null, shippedTime=null, deliveredTime=null, shipType=null, trackingNumber=null, custo...','0:0:0:0:0:0:0:1','2025-12-08 17:39:58',14,'2025-12-08 17:39:58','2025-12-08 17:39:58'),(27,'荒天',2,'订单管理','查询','查询商家订单','GET','http://localhost:8080/orders/merchant','','Result(code=1, msg=success, data=[MerchantOrdersVO(id=101, orderNumber=532476241333190664, status=CANCELLED, paymentStatus=CANCELLED, orderedTime=2025-12-05T22:09:47, totalAmount=1499.00, shippingAddressId=17, billingAddressId=null, shippedTime=null, deliveredTime=null, shipType=null, trackingNumber=null, customerNickName=zxy, customerImage=https://web-management-ai.oss-cn-beijing.aliyuncs.com/2025/11/0977c037-66df-44bd-a2b1-0a6879b99d1f.jpg, remark=订单已超时，自动取消, items=[UserOrdersVO.OrderProduct(productId=9, productName=山地自行车, productPrice=1499.00, quantity=1, imageUrl=https://tse4-mm.cn.bing.net/th/id/OIP-C.Q5XP9BnAtU1I3d79cbHptgHaGu?w=210&h=191&c=7&r=0&o=7&dpr=1.5&pid=1.7&rm=3, isReviewed=null, orderItemId=null)]), MerchantOrdersVO(id=99, orderNumber=532474574885879814, status=CANCELLED, paymentStatus=CANCELLED, orderedTime=2025-12-05T22:03:25, totalAmount=22.00, shippingAddressId=17, billingAddressId=null, shippedTime=null, deliveredTime=null, shipType=null, trackingNumber=null, custo...','0:0:0:0:0:0:0:1','2025-12-08 17:41:02',40,'2025-12-08 17:41:02','2025-12-08 17:41:02'),(28,'荒天',2,'订单管理','查询','查询商家订单','GET','http://localhost:8080/orders/merchant','','Result(code=1, msg=success, data=[MerchantOrdersVO(id=101, orderNumber=532476241333190664, status=CANCELLED, paymentStatus=CANCELLED, orderedTime=2025-12-05T22:09:47, totalAmount=1499.00, shippingAddressId=17, billingAddressId=null, shippedTime=null, deliveredTime=null, shipType=null, trackingNumber=null, customerNickName=zxy, customerImage=https://web-management-ai.oss-cn-beijing.aliyuncs.com/2025/11/0977c037-66df-44bd-a2b1-0a6879b99d1f.jpg, remark=订单已超时，自动取消, items=[UserOrdersVO.OrderProduct(productId=9, productName=山地自行车, productPrice=1499.00, quantity=1, imageUrl=https://tse4-mm.cn.bing.net/th/id/OIP-C.Q5XP9BnAtU1I3d79cbHptgHaGu?w=210&h=191&c=7&r=0&o=7&dpr=1.5&pid=1.7&rm=3, isReviewed=null, orderItemId=null)]), MerchantOrdersVO(id=99, orderNumber=532474574885879814, status=CANCELLED, paymentStatus=CANCELLED, orderedTime=2025-12-05T22:03:25, totalAmount=22.00, shippingAddressId=17, billingAddressId=null, shippedTime=null, deliveredTime=null, shipType=null, trackingNumber=null, custo...','0:0:0:0:0:0:0:1','2025-12-08 17:41:35',10,'2025-12-08 17:41:35','2025-12-08 17:41:35'),(29,'荒天',2,'商品评论管理','查询','查询商家评价','GET','http://localhost:8080/reviews/merchant',NULL,'Result(code=1, msg=success, data=[ProductReviewVO(id=9, userId=22, productId=8, orderId=100, orderItemId=127, content=2222222222222222, image=, rating=5.00, reviewTime=2025-12-05T21:57:13, merchantReply=感谢您的评价哦, merchantName=心雨文具, merchantLogoUrl=https://tse2-mm.cn.bing.net/th/id/OIP-C.AzBc_rZGTLwgopEzEKu-nwAAAA?w=189&h=190&c=7&r=0&o=7&dpr=1.5&pid=1.7&rm=3, replyTime=2025-12-05T21:58:04, createTime=2025-12-05T21:57:12, updateTime=2025-12-05T21:58:04, user=ProductReviewVO.UserSimpleInfo(id=22, nickName=zxy, avatarUrl=https://web-management-ai.oss-cn-beijing.aliyuncs.com/2025/11/0977c037-66df-44bd-a2b1-0a6879b99d1f.jpg), product=ProductReviewVO.ProductSimpleInfo(id=8, name=梅西头像, imageUrl=https://web-management-ai.oss-cn-beijing.aliyuncs.com/2025/11/b718733f-50a3-488b-864f-c638bc84b6f7.jpg)), ProductReviewVO(id=8, userId=2, productId=8, orderId=97, orderItemId=124, content=就会假摔的, image=https://web-management-ai.oss-cn-beijing.aliyuncs.com/2025/12/384de9a6-43a9-4d2a-9615-cc631e7fec9f.png, ...','0:0:0:0:0:0:0:1','2025-12-08 17:41:37',5,'2025-12-08 17:41:37','2025-12-08 17:41:37'),(30,'荒天',2,'订单管理','查询','查询商家订单','GET','http://localhost:8080/orders/merchant','','Result(code=1, msg=success, data=[MerchantOrdersVO(id=101, orderNumber=532476241333190664, status=CANCELLED, paymentStatus=CANCELLED, orderedTime=2025-12-05T22:09:47, totalAmount=1499.00, shippingAddressId=17, billingAddressId=null, shippedTime=null, deliveredTime=null, shipType=null, trackingNumber=null, customerNickName=zxy, customerImage=https://web-management-ai.oss-cn-beijing.aliyuncs.com/2025/11/0977c037-66df-44bd-a2b1-0a6879b99d1f.jpg, remark=订单已超时，自动取消, items=[UserOrdersVO.OrderProduct(productId=9, productName=山地自行车, productPrice=1499.00, quantity=1, imageUrl=https://tse4-mm.cn.bing.net/th/id/OIP-C.Q5XP9BnAtU1I3d79cbHptgHaGu?w=210&h=191&c=7&r=0&o=7&dpr=1.5&pid=1.7&rm=3, isReviewed=null, orderItemId=null)]), MerchantOrdersVO(id=99, orderNumber=532474574885879814, status=CANCELLED, paymentStatus=CANCELLED, orderedTime=2025-12-05T22:03:25, totalAmount=22.00, shippingAddressId=17, billingAddressId=null, shippedTime=null, deliveredTime=null, shipType=null, trackingNumber=null, custo...','0:0:0:0:0:0:0:1','2025-12-08 17:41:38',10,'2025-12-08 17:41:38','2025-12-08 17:41:38'),(31,'荒天',2,'商品评论管理','查询','查询商家评价','GET','http://localhost:8080/reviews/merchant',NULL,'Result(code=1, msg=success, data=[ProductReviewVO(id=9, userId=22, productId=8, orderId=100, orderItemId=127, content=2222222222222222, image=, rating=5.00, reviewTime=2025-12-05T21:57:13, merchantReply=感谢您的评价哦, merchantName=心雨文具, merchantLogoUrl=https://tse2-mm.cn.bing.net/th/id/OIP-C.AzBc_rZGTLwgopEzEKu-nwAAAA?w=189&h=190&c=7&r=0&o=7&dpr=1.5&pid=1.7&rm=3, replyTime=2025-12-05T21:58:04, createTime=2025-12-05T21:57:12, updateTime=2025-12-05T21:58:04, user=ProductReviewVO.UserSimpleInfo(id=22, nickName=zxy, avatarUrl=https://web-management-ai.oss-cn-beijing.aliyuncs.com/2025/11/0977c037-66df-44bd-a2b1-0a6879b99d1f.jpg), product=ProductReviewVO.ProductSimpleInfo(id=8, name=梅西头像, imageUrl=https://web-management-ai.oss-cn-beijing.aliyuncs.com/2025/11/b718733f-50a3-488b-864f-c638bc84b6f7.jpg)), ProductReviewVO(id=8, userId=2, productId=8, orderId=97, orderItemId=124, content=就会假摔的, image=https://web-management-ai.oss-cn-beijing.aliyuncs.com/2025/12/384de9a6-43a9-4d2a-9615-cc631e7fec9f.png, ...','0:0:0:0:0:0:0:1','2025-12-08 17:41:39',4,'2025-12-08 17:41:39','2025-12-08 17:41:39'),(32,'荒天',2,'订单管理','查询','查询商家订单','GET','http://localhost:8080/orders/merchant','','Result(code=1, msg=success, data=[MerchantOrdersVO(id=101, orderNumber=532476241333190664, status=CANCELLED, paymentStatus=CANCELLED, orderedTime=2025-12-05T22:09:47, totalAmount=1499.00, shippingAddressId=17, billingAddressId=null, shippedTime=null, deliveredTime=null, shipType=null, trackingNumber=null, customerNickName=zxy, customerImage=https://web-management-ai.oss-cn-beijing.aliyuncs.com/2025/11/0977c037-66df-44bd-a2b1-0a6879b99d1f.jpg, remark=订单已超时，自动取消, items=[UserOrdersVO.OrderProduct(productId=9, productName=山地自行车, productPrice=1499.00, quantity=1, imageUrl=https://tse4-mm.cn.bing.net/th/id/OIP-C.Q5XP9BnAtU1I3d79cbHptgHaGu?w=210&h=191&c=7&r=0&o=7&dpr=1.5&pid=1.7&rm=3, isReviewed=null, orderItemId=null)]), MerchantOrdersVO(id=99, orderNumber=532474574885879814, status=CANCELLED, paymentStatus=CANCELLED, orderedTime=2025-12-05T22:03:25, totalAmount=22.00, shippingAddressId=17, billingAddressId=null, shippedTime=null, deliveredTime=null, shipType=null, trackingNumber=null, custo...','0:0:0:0:0:0:0:1','2025-12-08 17:41:39',133,'2025-12-08 17:41:39','2025-12-08 17:41:39'),(33,'荒天',2,'订单管理','查询','查询用户订单','GET','http://localhost:8080/orders','','Result(code=1, msg=success, data=[UserOrdersVO(id=98, orderNumber=532465662828740613, status=DELIVERED, paymentStatus=PAID, orderedTime=2025-12-05T21:19:58, totalAmount=22.00, shippingAddressId=13, billingAddressId=12, shippedTime=2025-12-05T21:19:27, deliveredTime=2025-12-05T21:19:58, shipType=YD, trackingNumber=YD_823969587972, merchantId=2, merchantName=心雨文具, remark=没有备注, items=[UserOrdersVO.OrderProduct(productId=8, productName=梅西头像, productPrice=22.00, quantity=1, imageUrl=https://web-management-ai.oss-cn-beijing.aliyuncs.com/2025/11/b718733f-50a3-488b-864f-c638bc84b6f7.jpg, isReviewed=true, orderItemId=125)]), UserOrdersVO(id=97, orderNumber=532465632763969540, status=DELIVERED, paymentStatus=PAID, orderedTime=2025-12-05T21:19:56, totalAmount=22.00, shippingAddressId=12, billingAddressId=12, shippedTime=2025-12-05T21:19:34, deliveredTime=2025-12-05T21:19:56, shipType=YD, trackingNumber=YD_782100327235, merchantId=2, merchantName=心雨文具, remark=没有备注, items=[UserOrdersVO.OrderProduct...','0:0:0:0:0:0:0:1','2025-12-08 17:41:40',6,'2025-12-08 17:41:40','2025-12-08 17:41:40'),(34,'荒天',2,'订单管理','查询','查询用户订单','GET','http://localhost:8080/orders','','Result(code=1, msg=success, data=[UserOrdersVO(id=98, orderNumber=532465662828740613, status=DELIVERED, paymentStatus=PAID, orderedTime=2025-12-05T21:19:58, totalAmount=22.00, shippingAddressId=13, billingAddressId=12, shippedTime=2025-12-05T21:19:27, deliveredTime=2025-12-05T21:19:58, shipType=YD, trackingNumber=YD_823969587972, merchantId=2, merchantName=心雨文具, remark=没有备注, items=[UserOrdersVO.OrderProduct(productId=8, productName=梅西头像, productPrice=22.00, quantity=1, imageUrl=https://web-management-ai.oss-cn-beijing.aliyuncs.com/2025/11/b718733f-50a3-488b-864f-c638bc84b6f7.jpg, isReviewed=true, orderItemId=125)]), UserOrdersVO(id=97, orderNumber=532465632763969540, status=DELIVERED, paymentStatus=PAID, orderedTime=2025-12-05T21:19:56, totalAmount=22.00, shippingAddressId=12, billingAddressId=12, shippedTime=2025-12-05T21:19:34, deliveredTime=2025-12-05T21:19:56, shipType=YD, trackingNumber=YD_782100327235, merchantId=2, merchantName=心雨文具, remark=没有备注, items=[UserOrdersVO.OrderProduct...','0:0:0:0:0:0:0:1','2025-12-08 17:41:42',5,'2025-12-08 17:41:42','2025-12-08 17:41:42'),(35,'荒天',2,'订单管理','查询','查询用户订单','GET','http://localhost:8080/orders','','Result(code=1, msg=success, data=[UserOrdersVO(id=98, orderNumber=532465662828740613, status=DELIVERED, paymentStatus=PAID, orderedTime=2025-12-05T21:19:58, totalAmount=22.00, shippingAddressId=13, billingAddressId=12, shippedTime=2025-12-05T21:19:27, deliveredTime=2025-12-05T21:19:58, shipType=YD, trackingNumber=YD_823969587972, merchantId=2, merchantName=心雨文具, remark=没有备注, items=[UserOrdersVO.OrderProduct(productId=8, productName=梅西头像, productPrice=22.00, quantity=1, imageUrl=https://web-management-ai.oss-cn-beijing.aliyuncs.com/2025/11/b718733f-50a3-488b-864f-c638bc84b6f7.jpg, isReviewed=true, orderItemId=125)]), UserOrdersVO(id=97, orderNumber=532465632763969540, status=DELIVERED, paymentStatus=PAID, orderedTime=2025-12-05T21:19:56, totalAmount=22.00, shippingAddressId=12, billingAddressId=12, shippedTime=2025-12-05T21:19:34, deliveredTime=2025-12-05T21:19:56, shipType=YD, trackingNumber=YD_782100327235, merchantId=2, merchantName=心雨文具, remark=没有备注, items=[UserOrdersVO.OrderProduct...','0:0:0:0:0:0:0:1','2025-12-08 17:41:43',5,'2025-12-08 17:41:43','2025-12-08 17:41:43'),(36,'荒天',2,'订单管理','查询','查询商家订单','GET','http://localhost:8080/orders/merchant','','Result(code=1, msg=success, data=[MerchantOrdersVO(id=101, orderNumber=532476241333190664, status=CANCELLED, paymentStatus=CANCELLED, orderedTime=2025-12-05T22:09:47, totalAmount=1499.00, shippingAddressId=17, billingAddressId=null, shippedTime=null, deliveredTime=null, shipType=null, trackingNumber=null, customerNickName=zxy, customerImage=https://web-management-ai.oss-cn-beijing.aliyuncs.com/2025/11/0977c037-66df-44bd-a2b1-0a6879b99d1f.jpg, remark=订单已超时，自动取消, items=[UserOrdersVO.OrderProduct(productId=9, productName=山地自行车, productPrice=1499.00, quantity=1, imageUrl=https://tse4-mm.cn.bing.net/th/id/OIP-C.Q5XP9BnAtU1I3d79cbHptgHaGu?w=210&h=191&c=7&r=0&o=7&dpr=1.5&pid=1.7&rm=3, isReviewed=null, orderItemId=null)]), MerchantOrdersVO(id=99, orderNumber=532474574885879814, status=CANCELLED, paymentStatus=CANCELLED, orderedTime=2025-12-05T22:03:25, totalAmount=22.00, shippingAddressId=17, billingAddressId=null, shippedTime=null, deliveredTime=null, shipType=null, trackingNumber=null, custo...','0:0:0:0:0:0:0:1','2025-12-08 17:41:44',12,'2025-12-08 17:41:44','2025-12-08 17:41:44'),(37,'荒天',2,'商品评论管理','查询','查询商家评价','GET','http://localhost:8080/reviews/merchant',NULL,'Result(code=1, msg=success, data=[ProductReviewVO(id=9, userId=22, productId=8, orderId=100, orderItemId=127, content=2222222222222222, image=, rating=5.00, reviewTime=2025-12-05T21:57:13, merchantReply=感谢您的评价哦, merchantName=心雨文具, merchantLogoUrl=https://tse2-mm.cn.bing.net/th/id/OIP-C.AzBc_rZGTLwgopEzEKu-nwAAAA?w=189&h=190&c=7&r=0&o=7&dpr=1.5&pid=1.7&rm=3, replyTime=2025-12-05T21:58:04, createTime=2025-12-05T21:57:12, updateTime=2025-12-05T21:58:04, user=ProductReviewVO.UserSimpleInfo(id=22, nickName=zxy, avatarUrl=https://web-management-ai.oss-cn-beijing.aliyuncs.com/2025/11/0977c037-66df-44bd-a2b1-0a6879b99d1f.jpg), product=ProductReviewVO.ProductSimpleInfo(id=8, name=梅西头像, imageUrl=https://web-management-ai.oss-cn-beijing.aliyuncs.com/2025/11/b718733f-50a3-488b-864f-c638bc84b6f7.jpg)), ProductReviewVO(id=8, userId=2, productId=8, orderId=97, orderItemId=124, content=就会假摔的, image=https://web-management-ai.oss-cn-beijing.aliyuncs.com/2025/12/384de9a6-43a9-4d2a-9615-cc631e7fec9f.png, ...','0:0:0:0:0:0:0:1','2025-12-08 17:41:45',0,'2025-12-08 17:41:45','2025-12-08 17:41:45'),(38,'荒天',2,'订单管理','查询','查询商家订单','GET','http://localhost:8080/orders/merchant','','Result(code=1, msg=success, data=[MerchantOrdersVO(id=101, orderNumber=532476241333190664, status=CANCELLED, paymentStatus=CANCELLED, orderedTime=2025-12-05T22:09:47, totalAmount=1499.00, shippingAddressId=17, billingAddressId=null, shippedTime=null, deliveredTime=null, shipType=null, trackingNumber=null, customerNickName=zxy, customerImage=https://web-management-ai.oss-cn-beijing.aliyuncs.com/2025/11/0977c037-66df-44bd-a2b1-0a6879b99d1f.jpg, remark=订单已超时，自动取消, items=[UserOrdersVO.OrderProduct(productId=9, productName=山地自行车, productPrice=1499.00, quantity=1, imageUrl=https://tse4-mm.cn.bing.net/th/id/OIP-C.Q5XP9BnAtU1I3d79cbHptgHaGu?w=210&h=191&c=7&r=0&o=7&dpr=1.5&pid=1.7&rm=3, isReviewed=null, orderItemId=null)]), MerchantOrdersVO(id=99, orderNumber=532474574885879814, status=CANCELLED, paymentStatus=CANCELLED, orderedTime=2025-12-05T22:03:25, totalAmount=22.00, shippingAddressId=17, billingAddressId=null, shippedTime=null, deliveredTime=null, shipType=null, trackingNumber=null, custo...','0:0:0:0:0:0:0:1','2025-12-08 17:41:46',14,'2025-12-08 17:41:46','2025-12-08 17:41:46'),(39,'荒天',2,'商品评论管理','查询','查询商家评价','GET','http://localhost:8080/reviews/merchant',NULL,'Result(code=1, msg=success, data=[ProductReviewVO(id=9, userId=22, productId=8, orderId=100, orderItemId=127, content=2222222222222222, image=, rating=5.00, reviewTime=2025-12-05T21:57:13, merchantReply=感谢您的评价哦, merchantName=心雨文具, merchantLogoUrl=https://tse2-mm.cn.bing.net/th/id/OIP-C.AzBc_rZGTLwgopEzEKu-nwAAAA?w=189&h=190&c=7&r=0&o=7&dpr=1.5&pid=1.7&rm=3, replyTime=2025-12-05T21:58:04, createTime=2025-12-05T21:57:12, updateTime=2025-12-05T21:58:04, user=ProductReviewVO.UserSimpleInfo(id=22, nickName=zxy, avatarUrl=https://web-management-ai.oss-cn-beijing.aliyuncs.com/2025/11/0977c037-66df-44bd-a2b1-0a6879b99d1f.jpg), product=ProductReviewVO.ProductSimpleInfo(id=8, name=梅西头像, imageUrl=https://web-management-ai.oss-cn-beijing.aliyuncs.com/2025/11/b718733f-50a3-488b-864f-c638bc84b6f7.jpg)), ProductReviewVO(id=8, userId=2, productId=8, orderId=97, orderItemId=124, content=就会假摔的, image=https://web-management-ai.oss-cn-beijing.aliyuncs.com/2025/12/384de9a6-43a9-4d2a-9615-cc631e7fec9f.png, ...','0:0:0:0:0:0:0:1','2025-12-08 17:41:47',2,'2025-12-08 17:41:47','2025-12-08 17:41:47'),(40,'荒天',2,'订单管理','查询','查询商家订单','GET','http://localhost:8080/orders/merchant','','Result(code=1, msg=success, data=[MerchantOrdersVO(id=101, orderNumber=532476241333190664, status=CANCELLED, paymentStatus=CANCELLED, orderedTime=2025-12-05T22:09:47, totalAmount=1499.00, shippingAddressId=17, billingAddressId=null, shippedTime=null, deliveredTime=null, shipType=null, trackingNumber=null, customerNickName=zxy, customerImage=https://web-management-ai.oss-cn-beijing.aliyuncs.com/2025/11/0977c037-66df-44bd-a2b1-0a6879b99d1f.jpg, remark=订单已超时，自动取消, items=[UserOrdersVO.OrderProduct(productId=9, productName=山地自行车, productPrice=1499.00, quantity=1, imageUrl=https://tse4-mm.cn.bing.net/th/id/OIP-C.Q5XP9BnAtU1I3d79cbHptgHaGu?w=210&h=191&c=7&r=0&o=7&dpr=1.5&pid=1.7&rm=3, isReviewed=null, orderItemId=null)]), MerchantOrdersVO(id=99, orderNumber=532474574885879814, status=CANCELLED, paymentStatus=CANCELLED, orderedTime=2025-12-05T22:03:25, totalAmount=22.00, shippingAddressId=17, billingAddressId=null, shippedTime=null, deliveredTime=null, shipType=null, trackingNumber=null, custo...','0:0:0:0:0:0:0:1','2025-12-08 17:41:47',20,'2025-12-08 17:41:47','2025-12-08 17:41:47'),(41,'荒天',2,'订单管理','查询','查询用户订单','GET','http://localhost:8080/orders','','Result(code=1, msg=success, data=[UserOrdersVO(id=98, orderNumber=532465662828740613, status=DELIVERED, paymentStatus=PAID, orderedTime=2025-12-05T21:19:58, totalAmount=22.00, shippingAddressId=13, billingAddressId=12, shippedTime=2025-12-05T21:19:27, deliveredTime=2025-12-05T21:19:58, shipType=YD, trackingNumber=YD_823969587972, merchantId=2, merchantName=心雨文具, remark=没有备注, items=[UserOrdersVO.OrderProduct(productId=8, productName=梅西头像, productPrice=22.00, quantity=1, imageUrl=https://web-management-ai.oss-cn-beijing.aliyuncs.com/2025/11/b718733f-50a3-488b-864f-c638bc84b6f7.jpg, isReviewed=true, orderItemId=125)]), UserOrdersVO(id=97, orderNumber=532465632763969540, status=DELIVERED, paymentStatus=PAID, orderedTime=2025-12-05T21:19:56, totalAmount=22.00, shippingAddressId=12, billingAddressId=12, shippedTime=2025-12-05T21:19:34, deliveredTime=2025-12-05T21:19:56, shipType=YD, trackingNumber=YD_782100327235, merchantId=2, merchantName=心雨文具, remark=没有备注, items=[UserOrdersVO.OrderProduct...','0:0:0:0:0:0:0:1','2025-12-08 17:43:53',5,'2025-12-08 17:43:53','2025-12-08 17:43:53'),(42,'荒天',2,'订单管理','查询','查询用户订单','GET','http://localhost:8080/orders','','Result(code=1, msg=success, data=[UserOrdersVO(id=98, orderNumber=532465662828740613, status=DELIVERED, paymentStatus=PAID, orderedTime=2025-12-05T21:19:58, totalAmount=22.00, shippingAddressId=13, billingAddressId=12, shippedTime=2025-12-05T21:19:27, deliveredTime=2025-12-05T21:19:58, shipType=YD, trackingNumber=YD_823969587972, merchantId=2, merchantName=心雨文具, remark=没有备注, items=[UserOrdersVO.OrderProduct(productId=8, productName=梅西头像, productPrice=22.00, quantity=1, imageUrl=https://web-management-ai.oss-cn-beijing.aliyuncs.com/2025/11/b718733f-50a3-488b-864f-c638bc84b6f7.jpg, isReviewed=true, orderItemId=125)]), UserOrdersVO(id=97, orderNumber=532465632763969540, status=DELIVERED, paymentStatus=PAID, orderedTime=2025-12-05T21:19:56, totalAmount=22.00, shippingAddressId=12, billingAddressId=12, shippedTime=2025-12-05T21:19:34, deliveredTime=2025-12-05T21:19:56, shipType=YD, trackingNumber=YD_782100327235, merchantId=2, merchantName=心雨文具, remark=没有备注, items=[UserOrdersVO.OrderProduct...','0:0:0:0:0:0:0:1','2025-12-08 17:43:54',5,'2025-12-08 17:43:54','2025-12-08 17:43:54'),(43,'荒天',2,'商品评论管理','查询','查询商家评价','GET','http://localhost:8080/reviews/merchant',NULL,'Result(code=1, msg=success, data=[ProductReviewVO(id=9, userId=22, productId=8, orderId=100, orderItemId=127, content=2222222222222222, image=, rating=5.00, reviewTime=2025-12-05T21:57:13, merchantReply=感谢您的评价哦, merchantName=心雨文具, merchantLogoUrl=https://tse2-mm.cn.bing.net/th/id/OIP-C.AzBc_rZGTLwgopEzEKu-nwAAAA?w=189&h=190&c=7&r=0&o=7&dpr=1.5&pid=1.7&rm=3, replyTime=2025-12-05T21:58:04, createTime=2025-12-05T21:57:12, updateTime=2025-12-05T21:58:04, user=ProductReviewVO.UserSimpleInfo(id=22, nickName=zxy, avatarUrl=https://web-management-ai.oss-cn-beijing.aliyuncs.com/2025/11/0977c037-66df-44bd-a2b1-0a6879b99d1f.jpg), product=ProductReviewVO.ProductSimpleInfo(id=8, name=梅西头像, imageUrl=https://web-management-ai.oss-cn-beijing.aliyuncs.com/2025/11/b718733f-50a3-488b-864f-c638bc84b6f7.jpg)), ProductReviewVO(id=8, userId=2, productId=8, orderId=97, orderItemId=124, content=就会假摔的, image=https://web-management-ai.oss-cn-beijing.aliyuncs.com/2025/12/384de9a6-43a9-4d2a-9615-cc631e7fec9f.png, ...','0:0:0:0:0:0:0:1','2025-12-08 17:43:56',1,'2025-12-08 17:43:56','2025-12-08 17:43:56'),(44,'荒天',2,'订单管理','查询','查询商家订单','GET','http://localhost:8080/orders/merchant','','Result(code=1, msg=success, data=[MerchantOrdersVO(id=101, orderNumber=532476241333190664, status=CANCELLED, paymentStatus=CANCELLED, orderedTime=2025-12-05T22:09:47, totalAmount=1499.00, shippingAddressId=17, billingAddressId=null, shippedTime=null, deliveredTime=null, shipType=null, trackingNumber=null, customerNickName=zxy, customerImage=https://web-management-ai.oss-cn-beijing.aliyuncs.com/2025/11/0977c037-66df-44bd-a2b1-0a6879b99d1f.jpg, remark=订单已超时，自动取消, items=[UserOrdersVO.OrderProduct(productId=9, productName=山地自行车, productPrice=1499.00, quantity=1, imageUrl=https://tse4-mm.cn.bing.net/th/id/OIP-C.Q5XP9BnAtU1I3d79cbHptgHaGu?w=210&h=191&c=7&r=0&o=7&dpr=1.5&pid=1.7&rm=3, isReviewed=null, orderItemId=null)]), MerchantOrdersVO(id=99, orderNumber=532474574885879814, status=CANCELLED, paymentStatus=CANCELLED, orderedTime=2025-12-05T22:03:25, totalAmount=22.00, shippingAddressId=17, billingAddressId=null, shippedTime=null, deliveredTime=null, shipType=null, trackingNumber=null, custo...','0:0:0:0:0:0:0:1','2025-12-08 17:43:57',13,'2025-12-08 17:43:57','2025-12-08 17:43:57'),(45,'荒天',2,'商品评论管理','查询','查询商家评价','GET','http://localhost:8080/reviews/merchant',NULL,'Result(code=1, msg=success, data=[ProductReviewVO(id=9, userId=22, productId=8, orderId=100, orderItemId=127, content=2222222222222222, image=, rating=5.00, reviewTime=2025-12-05T21:57:13, merchantReply=感谢您的评价哦, merchantName=心雨文具, merchantLogoUrl=https://tse2-mm.cn.bing.net/th/id/OIP-C.AzBc_rZGTLwgopEzEKu-nwAAAA?w=189&h=190&c=7&r=0&o=7&dpr=1.5&pid=1.7&rm=3, replyTime=2025-12-05T21:58:04, createTime=2025-12-05T21:57:12, updateTime=2025-12-05T21:58:04, user=ProductReviewVO.UserSimpleInfo(id=22, nickName=zxy, avatarUrl=https://web-management-ai.oss-cn-beijing.aliyuncs.com/2025/11/0977c037-66df-44bd-a2b1-0a6879b99d1f.jpg), product=ProductReviewVO.ProductSimpleInfo(id=8, name=梅西头像, imageUrl=https://web-management-ai.oss-cn-beijing.aliyuncs.com/2025/11/b718733f-50a3-488b-864f-c638bc84b6f7.jpg)), ProductReviewVO(id=8, userId=2, productId=8, orderId=97, orderItemId=124, content=就会假摔的, image=https://web-management-ai.oss-cn-beijing.aliyuncs.com/2025/12/384de9a6-43a9-4d2a-9615-cc631e7fec9f.png, ...','0:0:0:0:0:0:0:1','2025-12-08 17:43:57',2,'2025-12-08 17:43:57','2025-12-08 17:43:57'),(46,'荒天',2,'订单管理','查询','查询商家订单','GET','http://localhost:8080/orders/merchant','','Result(code=1, msg=success, data=[MerchantOrdersVO(id=101, orderNumber=532476241333190664, status=CANCELLED, paymentStatus=CANCELLED, orderedTime=2025-12-05T22:09:47, totalAmount=1499.00, shippingAddressId=17, billingAddressId=null, shippedTime=null, deliveredTime=null, shipType=null, trackingNumber=null, customerNickName=zxy, customerImage=https://web-management-ai.oss-cn-beijing.aliyuncs.com/2025/11/0977c037-66df-44bd-a2b1-0a6879b99d1f.jpg, remark=订单已超时，自动取消, items=[UserOrdersVO.OrderProduct(productId=9, productName=山地自行车, productPrice=1499.00, quantity=1, imageUrl=https://tse4-mm.cn.bing.net/th/id/OIP-C.Q5XP9BnAtU1I3d79cbHptgHaGu?w=210&h=191&c=7&r=0&o=7&dpr=1.5&pid=1.7&rm=3, isReviewed=null, orderItemId=null)]), MerchantOrdersVO(id=99, orderNumber=532474574885879814, status=CANCELLED, paymentStatus=CANCELLED, orderedTime=2025-12-05T22:03:25, totalAmount=22.00, shippingAddressId=17, billingAddressId=null, shippedTime=null, deliveredTime=null, shipType=null, trackingNumber=null, custo...','0:0:0:0:0:0:0:1','2025-12-08 17:43:58',11,'2025-12-08 17:43:58','2025-12-08 17:43:58'),(47,'荒天',2,'商品管理','查询','获取商品列表','GET','http://localhost:8080/products','1;1;20;','Result(code=1, msg=success, data=PageResult(total=7, rows=Page{count=true, pageNum=1, pageSize=20, startRow=0, endRow=20, total=7, pages=1, reasonable=false, pageSizeZero=false}[ProductVO(id=10, name=米卡萨排球, description=耐久耐磨可以打一万场, price=349.99, stockQuantity=0, categoryId=46, sku=赛场专用球, imageUrl=https://p0.ssl.qhimgs1.com/sdr/400__/t015f94e1226fe6b93e.jpg, isActive=1, merchantId=2, merchantName=心雨文具, categoryName=球类运动, rating=4.00, ratingCount=1, merchantRating=null, merchantRatingCount=null), ProductVO(id=8, name=梅西头像, description=球王梅西, price=22.00, stockQuantity=95, categoryId=61, sku=梅西头像很帅气, imageUrl=https://web-management-ai.oss-cn-beijing.aliyuncs.com/2025/11/b718733f-50a3-488b-864f-c638bc84b6f7.jpg, isActive=1, merchantId=2, merchantName=心雨文具, categoryName=其它, rating=3.44, ratingCount=4, merchantRating=null, merchantRatingCount=null), ProductVO(id=3, name=小米14 Pro 5G手机, description=骁龙8 Gen3处理器，2K OLED屏幕, price=5299.00, stockQuantity=944, categoryId=2, sku=XM14P-12+256-BLACK, ima...','0:0:0:0:0:0:0:1','2025-12-08 17:43:59',6,'2025-12-08 17:43:59','2025-12-08 17:43:59'),(48,'荒天',2,'商品管理','查询','获取商品列表','GET','http://localhost:8080/products','1;1;20;','Result(code=1, msg=success, data=PageResult(total=7, rows=Page{count=true, pageNum=1, pageSize=20, startRow=0, endRow=20, total=7, pages=1, reasonable=false, pageSizeZero=false}[ProductVO(id=10, name=米卡萨排球, description=耐久耐磨可以打一万场, price=349.99, stockQuantity=0, categoryId=46, sku=赛场专用球, imageUrl=https://p0.ssl.qhimgs1.com/sdr/400__/t015f94e1226fe6b93e.jpg, isActive=1, merchantId=2, merchantName=心雨文具, categoryName=球类运动, rating=4.00, ratingCount=1, merchantRating=null, merchantRatingCount=null), ProductVO(id=8, name=梅西头像, description=球王梅西, price=22.00, stockQuantity=95, categoryId=61, sku=梅西头像很帅气, imageUrl=https://web-management-ai.oss-cn-beijing.aliyuncs.com/2025/11/b718733f-50a3-488b-864f-c638bc84b6f7.jpg, isActive=1, merchantId=2, merchantName=心雨文具, categoryName=其它, rating=3.44, ratingCount=4, merchantRating=null, merchantRatingCount=null), ProductVO(id=3, name=小米14 Pro 5G手机, description=骁龙8 Gen3处理器，2K OLED屏幕, price=5299.00, stockQuantity=944, categoryId=2, sku=XM14P-12+256-BLACK, ima...','0:0:0:0:0:0:0:1','2025-12-08 17:44:00',5,'2025-12-08 17:44:00','2025-12-08 17:44:00'),(49,'荒天',2,'商品管理','查询','获取商品列表','GET','http://localhost:8080/products','1;1;20;','Result(code=1, msg=success, data=PageResult(total=7, rows=Page{count=true, pageNum=1, pageSize=20, startRow=0, endRow=20, total=7, pages=1, reasonable=false, pageSizeZero=false}[ProductVO(id=10, name=米卡萨排球, description=耐久耐磨可以打一万场, price=349.99, stockQuantity=0, categoryId=46, sku=赛场专用球, imageUrl=https://p0.ssl.qhimgs1.com/sdr/400__/t015f94e1226fe6b93e.jpg, isActive=1, merchantId=2, merchantName=心雨文具, categoryName=球类运动, rating=4.00, ratingCount=1, merchantRating=null, merchantRatingCount=null), ProductVO(id=8, name=梅西头像, description=球王梅西, price=22.00, stockQuantity=95, categoryId=61, sku=梅西头像很帅气, imageUrl=https://web-management-ai.oss-cn-beijing.aliyuncs.com/2025/11/b718733f-50a3-488b-864f-c638bc84b6f7.jpg, isActive=1, merchantId=2, merchantName=心雨文具, categoryName=其它, rating=3.44, ratingCount=4, merchantRating=null, merchantRatingCount=null), ProductVO(id=3, name=小米14 Pro 5G手机, description=骁龙8 Gen3处理器，2K OLED屏幕, price=5299.00, stockQuantity=944, categoryId=2, sku=XM14P-12+256-BLACK, ima...','0:0:0:0:0:0:0:1','2025-12-08 17:44:02',5,'2025-12-08 17:44:02','2025-12-08 17:44:02'),(50,'荒天',2,'商品管理','查询','获取商品列表','GET','http://localhost:8080/products','1;1;20;','Result(code=1, msg=success, data=PageResult(total=7, rows=Page{count=true, pageNum=1, pageSize=20, startRow=0, endRow=20, total=7, pages=1, reasonable=false, pageSizeZero=false}[ProductVO(id=10, name=米卡萨排球, description=耐久耐磨可以打一万场, price=349.99, stockQuantity=0, categoryId=46, sku=赛场专用球, imageUrl=https://p0.ssl.qhimgs1.com/sdr/400__/t015f94e1226fe6b93e.jpg, isActive=1, merchantId=2, merchantName=心雨文具, categoryName=球类运动, rating=4.00, ratingCount=1, merchantRating=null, merchantRatingCount=null), ProductVO(id=8, name=梅西头像, description=球王梅西, price=22.00, stockQuantity=95, categoryId=61, sku=梅西头像很帅气, imageUrl=https://web-management-ai.oss-cn-beijing.aliyuncs.com/2025/11/b718733f-50a3-488b-864f-c638bc84b6f7.jpg, isActive=1, merchantId=2, merchantName=心雨文具, categoryName=其它, rating=3.44, ratingCount=4, merchantRating=null, merchantRatingCount=null), ProductVO(id=3, name=小米14 Pro 5G手机, description=骁龙8 Gen3处理器，2K OLED屏幕, price=5299.00, stockQuantity=944, categoryId=2, sku=XM14P-12+256-BLACK, ima...','0:0:0:0:0:0:0:1','2025-12-08 17:47:46',0,'2025-12-08 17:47:46','2025-12-08 17:47:46'),(51,'荒天',2,'订单管理','查询','查询商家订单','GET','http://localhost:8080/orders/merchant','','Result(code=1, msg=success, data=[MerchantOrdersVO(id=101, orderNumber=532476241333190664, status=CANCELLED, paymentStatus=CANCELLED, orderedTime=2025-12-05T22:09:47, totalAmount=1499.00, shippingAddressId=17, billingAddressId=null, shippedTime=null, deliveredTime=null, shipType=null, trackingNumber=null, customerNickName=zxy, customerImage=https://web-management-ai.oss-cn-beijing.aliyuncs.com/2025/11/0977c037-66df-44bd-a2b1-0a6879b99d1f.jpg, remark=订单已超时，自动取消, items=[UserOrdersVO.OrderProduct(productId=9, productName=山地自行车, productPrice=1499.00, quantity=1, imageUrl=https://tse4-mm.cn.bing.net/th/id/OIP-C.Q5XP9BnAtU1I3d79cbHptgHaGu?w=210&h=191&c=7&r=0&o=7&dpr=1.5&pid=1.7&rm=3, isReviewed=null, orderItemId=null)]), MerchantOrdersVO(id=99, orderNumber=532474574885879814, status=CANCELLED, paymentStatus=CANCELLED, orderedTime=2025-12-05T22:03:25, totalAmount=22.00, shippingAddressId=17, billingAddressId=null, shippedTime=null, deliveredTime=null, shipType=null, trackingNumber=null, custo...','0:0:0:0:0:0:0:1','2025-12-08 17:47:49',14,'2025-12-08 17:47:49','2025-12-08 17:47:49'),(52,'荒天',2,'商品管理','查询','获取商品列表','GET','http://localhost:8080/products','1;1;20;','Result(code=1, msg=success, data=PageResult(total=7, rows=Page{count=true, pageNum=1, pageSize=20, startRow=0, endRow=20, total=7, pages=1, reasonable=false, pageSizeZero=false}[ProductVO(id=10, name=米卡萨排球, description=耐久耐磨可以打一万场, price=349.99, stockQuantity=0, categoryId=46, sku=赛场专用球, imageUrl=https://p0.ssl.qhimgs1.com/sdr/400__/t015f94e1226fe6b93e.jpg, isActive=1, merchantId=2, merchantName=心雨文具, categoryName=球类运动, rating=4.00, ratingCount=1, merchantRating=null, merchantRatingCount=null), ProductVO(id=8, name=梅西头像, description=球王梅西, price=22.00, stockQuantity=95, categoryId=61, sku=梅西头像很帅气, imageUrl=https://web-management-ai.oss-cn-beijing.aliyuncs.com/2025/11/b718733f-50a3-488b-864f-c638bc84b6f7.jpg, isActive=1, merchantId=2, merchantName=心雨文具, categoryName=其它, rating=3.44, ratingCount=4, merchantRating=null, merchantRatingCount=null), ProductVO(id=3, name=小米14 Pro 5G手机, description=骁龙8 Gen3处理器，2K OLED屏幕, price=5299.00, stockQuantity=944, categoryId=2, sku=XM14P-12+256-BLACK, ima...','0:0:0:0:0:0:0:1','2025-12-08 18:08:04',86,'2025-12-08 18:08:04','2025-12-08 18:08:04'),(53,'荒天',2,'订单管理','查询','查询商家订单','GET','http://localhost:8080/orders/merchant','','Result(code=1, msg=success, data=[MerchantOrdersVO(id=101, orderNumber=532476241333190664, status=CANCELLED, paymentStatus=CANCELLED, orderedTime=2025-12-05T22:09:47, totalAmount=1499.00, shippingAddressId=17, billingAddressId=null, shippedTime=null, deliveredTime=null, shipType=null, trackingNumber=null, customerNickName=zxy, customerImage=https://web-management-ai.oss-cn-beijing.aliyuncs.com/2025/11/0977c037-66df-44bd-a2b1-0a6879b99d1f.jpg, remark=订单已超时，自动取消, items=[UserOrdersVO.OrderProduct(productId=9, productName=山地自行车, productPrice=1499.00, quantity=1, imageUrl=https://tse4-mm.cn.bing.net/th/id/OIP-C.Q5XP9BnAtU1I3d79cbHptgHaGu?w=210&h=191&c=7&r=0&o=7&dpr=1.5&pid=1.7&rm=3, isReviewed=null, orderItemId=null)]), MerchantOrdersVO(id=99, orderNumber=532474574885879814, status=CANCELLED, paymentStatus=CANCELLED, orderedTime=2025-12-05T22:03:25, totalAmount=22.00, shippingAddressId=17, billingAddressId=null, shippedTime=null, deliveredTime=null, shipType=null, trackingNumber=null, custo...','0:0:0:0:0:0:0:1','2025-12-08 18:08:07',38,'2025-12-08 18:08:07','2025-12-08 18:08:07'),(54,'荒天',2,'订单管理','查询','查询商家订单','GET','http://localhost:8080/orders/merchant','','Result(code=1, msg=success, data=[MerchantOrdersVO(id=101, orderNumber=532476241333190664, status=CANCELLED, paymentStatus=CANCELLED, orderedTime=2025-12-05T22:09:47, totalAmount=1499.00, shippingAddressId=17, billingAddressId=null, shippedTime=null, deliveredTime=null, shipType=null, trackingNumber=null, customerNickName=zxy, customerImage=https://web-management-ai.oss-cn-beijing.aliyuncs.com/2025/11/0977c037-66df-44bd-a2b1-0a6879b99d1f.jpg, remark=订单已超时，自动取消, items=[UserOrdersVO.OrderProduct(productId=9, productName=山地自行车, productPrice=1499.00, quantity=1, imageUrl=https://tse4-mm.cn.bing.net/th/id/OIP-C.Q5XP9BnAtU1I3d79cbHptgHaGu?w=210&h=191&c=7&r=0&o=7&dpr=1.5&pid=1.7&rm=3, isReviewed=null, orderItemId=null)]), MerchantOrdersVO(id=99, orderNumber=532474574885879814, status=CANCELLED, paymentStatus=CANCELLED, orderedTime=2025-12-05T22:03:25, totalAmount=22.00, shippingAddressId=17, billingAddressId=null, shippedTime=null, deliveredTime=null, shipType=null, trackingNumber=null, custo...','0:0:0:0:0:0:0:1','2025-12-08 18:08:18',18,'2025-12-08 18:08:18','2025-12-08 18:08:18'),(55,'荒天',2,'订单管理','查询','查询商家订单','GET','http://localhost:8080/orders/merchant','','Result(code=1, msg=success, data=[MerchantOrdersVO(id=101, orderNumber=532476241333190664, status=CANCELLED, paymentStatus=CANCELLED, orderedTime=2025-12-05T22:09:47, totalAmount=1499.00, shippingAddressId=17, billingAddressId=null, shippedTime=null, deliveredTime=null, shipType=null, trackingNumber=null, customerNickName=zxy, customerImage=https://web-management-ai.oss-cn-beijing.aliyuncs.com/2025/11/0977c037-66df-44bd-a2b1-0a6879b99d1f.jpg, remark=订单已超时，自动取消, items=[UserOrdersVO.OrderProduct(productId=9, productName=山地自行车, productPrice=1499.00, quantity=1, imageUrl=https://tse4-mm.cn.bing.net/th/id/OIP-C.Q5XP9BnAtU1I3d79cbHptgHaGu?w=210&h=191&c=7&r=0&o=7&dpr=1.5&pid=1.7&rm=3, isReviewed=null, orderItemId=null)]), MerchantOrdersVO(id=99, orderNumber=532474574885879814, status=CANCELLED, paymentStatus=CANCELLED, orderedTime=2025-12-05T22:03:25, totalAmount=22.00, shippingAddressId=17, billingAddressId=null, shippedTime=null, deliveredTime=null, shipType=null, trackingNumber=null, custo...','0:0:0:0:0:0:0:1','2025-12-08 18:08:53',16,'2025-12-08 18:08:53','2025-12-08 18:08:53'),(56,'荒天',2,'订单管理','查询','查询商家订单','GET','http://localhost:8080/orders/merchant','','Result(code=1, msg=success, data=[MerchantOrdersVO(id=101, orderNumber=532476241333190664, status=CANCELLED, paymentStatus=CANCELLED, orderedTime=2025-12-05T22:09:47, totalAmount=1499.00, shippingAddressId=17, billingAddressId=null, shippedTime=null, deliveredTime=null, shipType=null, trackingNumber=null, customerNickName=zxy, customerImage=https://web-management-ai.oss-cn-beijing.aliyuncs.com/2025/11/0977c037-66df-44bd-a2b1-0a6879b99d1f.jpg, remark=订单已超时，自动取消, items=[UserOrdersVO.OrderProduct(productId=9, productName=山地自行车, productPrice=1499.00, quantity=1, imageUrl=https://tse4-mm.cn.bing.net/th/id/OIP-C.Q5XP9BnAtU1I3d79cbHptgHaGu?w=210&h=191&c=7&r=0&o=7&dpr=1.5&pid=1.7&rm=3, isReviewed=null, orderItemId=null)]), MerchantOrdersVO(id=99, orderNumber=532474574885879814, status=CANCELLED, paymentStatus=CANCELLED, orderedTime=2025-12-05T22:03:25, totalAmount=22.00, shippingAddressId=17, billingAddressId=null, shippedTime=null, deliveredTime=null, shipType=null, trackingNumber=null, custo...','0:0:0:0:0:0:0:1','2025-12-08 18:09:03',15,'2025-12-08 18:09:03','2025-12-08 18:09:03'),(57,'荒天',2,'订单管理','查询','查询用户订单','GET','http://localhost:8080/orders','','Result(code=1, msg=success, data=[UserOrdersVO(id=98, orderNumber=532465662828740613, status=DELIVERED, paymentStatus=PAID, orderedTime=2025-12-05T21:19:58, totalAmount=22.00, shippingAddressId=13, billingAddressId=12, shippedTime=2025-12-05T21:19:27, deliveredTime=2025-12-05T21:19:58, shipType=YD, trackingNumber=YD_823969587972, merchantId=2, merchantName=心雨文具, remark=没有备注, items=[UserOrdersVO.OrderProduct(productId=8, productName=梅西头像, productPrice=22.00, quantity=1, imageUrl=https://web-management-ai.oss-cn-beijing.aliyuncs.com/2025/11/b718733f-50a3-488b-864f-c638bc84b6f7.jpg, isReviewed=true, orderItemId=125)]), UserOrdersVO(id=97, orderNumber=532465632763969540, status=DELIVERED, paymentStatus=PAID, orderedTime=2025-12-05T21:19:56, totalAmount=22.00, shippingAddressId=12, billingAddressId=12, shippedTime=2025-12-05T21:19:34, deliveredTime=2025-12-05T21:19:56, shipType=YD, trackingNumber=YD_782100327235, merchantId=2, merchantName=心雨文具, remark=没有备注, items=[UserOrdersVO.OrderProduct...','0:0:0:0:0:0:0:1','2025-12-08 18:09:17',7,'2025-12-08 18:09:17','2025-12-08 18:09:17'),(58,'荒天',2,'订单管理','查询','查询用户订单','GET','http://localhost:8080/orders','','Result(code=1, msg=success, data=[UserOrdersVO(id=98, orderNumber=532465662828740613, status=DELIVERED, paymentStatus=PAID, orderedTime=2025-12-05T21:19:58, totalAmount=22.00, shippingAddressId=13, billingAddressId=12, shippedTime=2025-12-05T21:19:27, deliveredTime=2025-12-05T21:19:58, shipType=YD, trackingNumber=YD_823969587972, merchantId=2, merchantName=心雨文具, remark=没有备注, items=[UserOrdersVO.OrderProduct(productId=8, productName=梅西头像, productPrice=22.00, quantity=1, imageUrl=https://web-management-ai.oss-cn-beijing.aliyuncs.com/2025/11/b718733f-50a3-488b-864f-c638bc84b6f7.jpg, isReviewed=true, orderItemId=125)]), UserOrdersVO(id=97, orderNumber=532465632763969540, status=DELIVERED, paymentStatus=PAID, orderedTime=2025-12-05T21:19:56, totalAmount=22.00, shippingAddressId=12, billingAddressId=12, shippedTime=2025-12-05T21:19:34, deliveredTime=2025-12-05T21:19:56, shipType=YD, trackingNumber=YD_782100327235, merchantId=2, merchantName=心雨文具, remark=没有备注, items=[UserOrdersVO.OrderProduct...','0:0:0:0:0:0:0:1','2025-12-08 18:09:32',6,'2025-12-08 18:09:32','2025-12-08 18:09:32'),(59,'荒天',2,'订单管理','查询','查询用户订单','GET','http://localhost:8080/orders','','Result(code=1, msg=success, data=[UserOrdersVO(id=98, orderNumber=532465662828740613, status=DELIVERED, paymentStatus=PAID, orderedTime=2025-12-05T21:19:58, totalAmount=22.00, shippingAddressId=13, billingAddressId=12, shippedTime=2025-12-05T21:19:27, deliveredTime=2025-12-05T21:19:58, shipType=YD, trackingNumber=YD_823969587972, merchantId=2, merchantName=心雨文具, remark=没有备注, items=[UserOrdersVO.OrderProduct(productId=8, productName=梅西头像, productPrice=22.00, quantity=1, imageUrl=https://web-management-ai.oss-cn-beijing.aliyuncs.com/2025/11/b718733f-50a3-488b-864f-c638bc84b6f7.jpg, isReviewed=true, orderItemId=125)]), UserOrdersVO(id=97, orderNumber=532465632763969540, status=DELIVERED, paymentStatus=PAID, orderedTime=2025-12-05T21:19:56, totalAmount=22.00, shippingAddressId=12, billingAddressId=12, shippedTime=2025-12-05T21:19:34, deliveredTime=2025-12-05T21:19:56, shipType=YD, trackingNumber=YD_782100327235, merchantId=2, merchantName=心雨文具, remark=没有备注, items=[UserOrdersVO.OrderProduct...','0:0:0:0:0:0:0:1','2025-12-08 18:10:32',5,'2025-12-08 18:10:32','2025-12-08 18:10:32'),(60,'荒天',2,'订单管理','查询','查询用户订单','GET','http://localhost:8080/orders','','Result(code=1, msg=success, data=[UserOrdersVO(id=98, orderNumber=532465662828740613, status=DELIVERED, paymentStatus=PAID, orderedTime=2025-12-05T21:19:58, totalAmount=22.00, shippingAddressId=13, billingAddressId=12, shippedTime=2025-12-05T21:19:27, deliveredTime=2025-12-05T21:19:58, shipType=YD, trackingNumber=YD_823969587972, merchantId=2, merchantName=心雨文具, remark=没有备注, items=[UserOrdersVO.OrderProduct(productId=8, productName=梅西头像, productPrice=22.00, quantity=1, imageUrl=https://web-management-ai.oss-cn-beijing.aliyuncs.com/2025/11/b718733f-50a3-488b-864f-c638bc84b6f7.jpg, isReviewed=true, orderItemId=125)]), UserOrdersVO(id=97, orderNumber=532465632763969540, status=DELIVERED, paymentStatus=PAID, orderedTime=2025-12-05T21:19:56, totalAmount=22.00, shippingAddressId=12, billingAddressId=12, shippedTime=2025-12-05T21:19:34, deliveredTime=2025-12-05T21:19:56, shipType=YD, trackingNumber=YD_782100327235, merchantId=2, merchantName=心雨文具, remark=没有备注, items=[UserOrdersVO.OrderProduct...','0:0:0:0:0:0:0:1','2025-12-08 18:10:46',5,'2025-12-08 18:10:46','2025-12-08 18:10:46'),(61,'荒天',2,'商品管理','查询','获取商品列表','GET','http://localhost:8080/products','1;1;20;','Result(code=1, msg=success, data=PageResult(total=7, rows=Page{count=true, pageNum=1, pageSize=20, startRow=0, endRow=20, total=7, pages=1, reasonable=false, pageSizeZero=false}[ProductVO(id=10, name=米卡萨排球, description=耐久耐磨可以打一万场, price=349.99, stockQuantity=0, categoryId=46, sku=赛场专用球, imageUrl=https://p0.ssl.qhimgs1.com/sdr/400__/t015f94e1226fe6b93e.jpg, isActive=1, merchantId=2, merchantName=心雨文具, categoryName=球类运动, rating=4.00, ratingCount=1, merchantRating=null, merchantRatingCount=null), ProductVO(id=8, name=梅西头像, description=球王梅西, price=22.00, stockQuantity=95, categoryId=61, sku=梅西头像很帅气, imageUrl=https://web-management-ai.oss-cn-beijing.aliyuncs.com/2025/11/b718733f-50a3-488b-864f-c638bc84b6f7.jpg, isActive=1, merchantId=2, merchantName=心雨文具, categoryName=其它, rating=3.44, ratingCount=4, merchantRating=null, merchantRatingCount=null), ProductVO(id=3, name=小米14 Pro 5G手机, description=骁龙8 Gen3处理器，2K OLED屏幕, price=5299.00, stockQuantity=944, categoryId=2, sku=XM14P-12+256-BLACK, ima...','0:0:0:0:0:0:0:1','2025-12-08 18:39:11',86,'2025-12-08 18:39:11','2025-12-08 18:39:11'),(62,'荒天',2,'订单管理','查询','查询用户订单','GET','http://localhost:8080/orders','','Result(code=1, msg=success, data=[UserOrdersVO(id=98, orderNumber=532465662828740613, status=DELIVERED, paymentStatus=PAID, orderedTime=2025-12-05T21:19:58, totalAmount=22.00, shippingAddressId=13, billingAddressId=12, shippedTime=2025-12-05T21:19:27, deliveredTime=2025-12-05T21:19:58, shipType=YD, trackingNumber=YD_823969587972, merchantId=2, merchantName=心雨文具, remark=没有备注, items=[UserOrdersVO.OrderProduct(productId=8, productName=梅西头像, productPrice=22.00, quantity=1, imageUrl=https://web-management-ai.oss-cn-beijing.aliyuncs.com/2025/11/b718733f-50a3-488b-864f-c638bc84b6f7.jpg, isReviewed=true, orderItemId=125)]), UserOrdersVO(id=97, orderNumber=532465632763969540, status=DELIVERED, paymentStatus=PAID, orderedTime=2025-12-05T21:19:56, totalAmount=22.00, shippingAddressId=12, billingAddressId=12, shippedTime=2025-12-05T21:19:34, deliveredTime=2025-12-05T21:19:56, shipType=YD, trackingNumber=YD_782100327235, merchantId=2, merchantName=心雨文具, remark=没有备注, items=[UserOrdersVO.OrderProduct...','0:0:0:0:0:0:0:1','2025-12-08 18:39:15',13,'2025-12-08 18:39:15','2025-12-08 18:39:15'),(63,'荒天',2,'订单管理','查询','查询用户订单','GET','http://localhost:8080/orders','','Result(code=1, msg=success, data=[UserOrdersVO(id=98, orderNumber=532465662828740613, status=DELIVERED, paymentStatus=PAID, orderedTime=2025-12-05T21:19:58, totalAmount=22.00, shippingAddressId=13, billingAddressId=12, shippedTime=2025-12-05T21:19:27, deliveredTime=2025-12-05T21:19:58, shipType=YD, trackingNumber=YD_823969587972, merchantId=2, merchantName=心雨文具, remark=没有备注, items=[UserOrdersVO.OrderProduct(productId=8, productName=梅西头像, productPrice=22.00, quantity=1, imageUrl=https://web-management-ai.oss-cn-beijing.aliyuncs.com/2025/11/b718733f-50a3-488b-864f-c638bc84b6f7.jpg, isReviewed=true, orderItemId=125)]), UserOrdersVO(id=97, orderNumber=532465632763969540, status=DELIVERED, paymentStatus=PAID, orderedTime=2025-12-05T21:19:56, totalAmount=22.00, shippingAddressId=12, billingAddressId=12, shippedTime=2025-12-05T21:19:34, deliveredTime=2025-12-05T21:19:56, shipType=YD, trackingNumber=YD_782100327235, merchantId=2, merchantName=心雨文具, remark=没有备注, items=[UserOrdersVO.OrderProduct...','0:0:0:0:0:0:0:1','2025-12-08 18:39:42',9,'2025-12-08 18:39:42','2025-12-08 18:39:42'),(64,'荒天',2,'订单管理','查询','查询用户订单','GET','http://localhost:8080/orders','','Result(code=1, msg=success, data=[UserOrdersVO(id=98, orderNumber=532465662828740613, status=DELIVERED, paymentStatus=PAID, orderedTime=2025-12-05T21:19:58, totalAmount=22.00, shippingAddressId=13, billingAddressId=12, shippedTime=2025-12-05T21:19:27, deliveredTime=2025-12-05T21:19:58, shipType=YD, trackingNumber=YD_823969587972, merchantId=2, merchantName=心雨文具, remark=没有备注, items=[UserOrdersVO.OrderProduct(productId=8, productName=梅西头像, productPrice=22.00, quantity=1, imageUrl=https://web-management-ai.oss-cn-beijing.aliyuncs.com/2025/11/b718733f-50a3-488b-864f-c638bc84b6f7.jpg, isReviewed=true, orderItemId=125)]), UserOrdersVO(id=97, orderNumber=532465632763969540, status=DELIVERED, paymentStatus=PAID, orderedTime=2025-12-05T21:19:56, totalAmount=22.00, shippingAddressId=12, billingAddressId=12, shippedTime=2025-12-05T21:19:34, deliveredTime=2025-12-05T21:19:56, shipType=YD, trackingNumber=YD_782100327235, merchantId=2, merchantName=心雨文具, remark=没有备注, items=[UserOrdersVO.OrderProduct...','0:0:0:0:0:0:0:1','2025-12-08 18:39:57',6,'2025-12-08 18:39:57','2025-12-08 18:39:57'),(65,'荒天',2,'订单管理','查询','查询用户订单','GET','http://localhost:8080/orders','','Result(code=1, msg=success, data=[UserOrdersVO(id=98, orderNumber=532465662828740613, status=DELIVERED, paymentStatus=PAID, orderedTime=2025-12-05T21:19:58, totalAmount=22.00, shippingAddressId=13, billingAddressId=12, shippedTime=2025-12-05T21:19:27, deliveredTime=2025-12-05T21:19:58, shipType=YD, trackingNumber=YD_823969587972, merchantId=2, merchantName=心雨文具, remark=没有备注, items=[UserOrdersVO.OrderProduct(productId=8, productName=梅西头像, productPrice=22.00, quantity=1, imageUrl=https://web-management-ai.oss-cn-beijing.aliyuncs.com/2025/11/b718733f-50a3-488b-864f-c638bc84b6f7.jpg, isReviewed=true, orderItemId=125)]), UserOrdersVO(id=97, orderNumber=532465632763969540, status=DELIVERED, paymentStatus=PAID, orderedTime=2025-12-05T21:19:56, totalAmount=22.00, shippingAddressId=12, billingAddressId=12, shippedTime=2025-12-05T21:19:34, deliveredTime=2025-12-05T21:19:56, shipType=YD, trackingNumber=YD_782100327235, merchantId=2, merchantName=心雨文具, remark=没有备注, items=[UserOrdersVO.OrderProduct...','0:0:0:0:0:0:0:1','2025-12-08 18:40:01',10,'2025-12-08 18:40:01','2025-12-08 18:40:01'),(66,'荒天',2,'订单管理','查询','查询用户订单','GET','http://localhost:8080/orders','','Result(code=1, msg=success, data=[UserOrdersVO(id=98, orderNumber=532465662828740613, status=DELIVERED, paymentStatus=PAID, orderedTime=2025-12-05T21:19:58, totalAmount=22.00, shippingAddressId=13, billingAddressId=12, shippedTime=2025-12-05T21:19:27, deliveredTime=2025-12-05T21:19:58, shipType=YD, trackingNumber=YD_823969587972, merchantId=2, merchantName=心雨文具, remark=没有备注, items=[UserOrdersVO.OrderProduct(productId=8, productName=梅西头像, productPrice=22.00, quantity=1, imageUrl=https://web-management-ai.oss-cn-beijing.aliyuncs.com/2025/11/b718733f-50a3-488b-864f-c638bc84b6f7.jpg, isReviewed=true, orderItemId=125)]), UserOrdersVO(id=97, orderNumber=532465632763969540, status=DELIVERED, paymentStatus=PAID, orderedTime=2025-12-05T21:19:56, totalAmount=22.00, shippingAddressId=12, billingAddressId=12, shippedTime=2025-12-05T21:19:34, deliveredTime=2025-12-05T21:19:56, shipType=YD, trackingNumber=YD_782100327235, merchantId=2, merchantName=心雨文具, remark=没有备注, items=[UserOrdersVO.OrderProduct...','0:0:0:0:0:0:0:1','2025-12-08 18:40:07',8,'2025-12-08 18:40:07','2025-12-08 18:40:07'),(67,'荒天',2,'商品评论管理','查询','查询用户评价','GET','http://localhost:8080/reviews/user','2;','Result(code=1, msg=success, data=[ProductReviewVO(id=8, userId=2, productId=8, orderId=97, orderItemId=124, content=就会假摔的, image=https://web-management-ai.oss-cn-beijing.aliyuncs.com/2025/12/384de9a6-43a9-4d2a-9615-cc631e7fec9f.png, rating=5.00, reviewTime=2025-12-05T21:20:40, merchantReply=22222222, merchantName=心雨文具, merchantLogoUrl=https://tse2-mm.cn.bing.net/th/id/OIP-C.AzBc_rZGTLwgopEzEKu-nwAAAA?w=189&h=190&c=7&r=0&o=7&dpr=1.5&pid=1.7&rm=3, replyTime=2025-12-05T21:55:51, createTime=2025-12-05T21:20:40, updateTime=2025-12-05T21:55:51, user=ProductReviewVO.UserSimpleInfo(id=2, nickName=荒天, avatarUrl=https://img13.360buyimg.com/n5/s114x114_jfs/t1/362508/23/660/102375/690f1621F0f336495/326bc61f3c434699.jpg.avif), product=ProductReviewVO.ProductSimpleInfo(id=8, name=梅西头像, imageUrl=https://web-management-ai.oss-cn-beijing.aliyuncs.com/2025/11/b718733f-50a3-488b-864f-c638bc84b6f7.jpg)), ProductReviewVO(id=7, userId=2, productId=8, orderId=98, orderItemId=125, content=梅西好帅啊啊啊啊啊, image=htt...','0:0:0:0:0:0:0:1','2025-12-08 18:40:18',5,'2025-12-08 18:40:18','2025-12-08 18:40:18'),(68,'荒天',2,'商品管理','查询','获取商品列表','GET','http://localhost:8080/products','1;1;20;','Result(code=1, msg=success, data=PageResult(total=7, rows=Page{count=true, pageNum=1, pageSize=20, startRow=0, endRow=20, total=7, pages=1, reasonable=false, pageSizeZero=false}[ProductVO(id=10, name=米卡萨排球, description=耐久耐磨可以打一万场, price=349.99, stockQuantity=0, categoryId=46, sku=赛场专用球, imageUrl=https://p0.ssl.qhimgs1.com/sdr/400__/t015f94e1226fe6b93e.jpg, isActive=1, merchantId=2, merchantName=心雨文具, categoryName=球类运动, rating=4.00, ratingCount=1, merchantRating=null, merchantRatingCount=null), ProductVO(id=8, name=梅西头像, description=球王梅西, price=22.00, stockQuantity=95, categoryId=61, sku=梅西头像很帅气, imageUrl=https://web-management-ai.oss-cn-beijing.aliyuncs.com/2025/11/b718733f-50a3-488b-864f-c638bc84b6f7.jpg, isActive=1, merchantId=2, merchantName=心雨文具, categoryName=其它, rating=3.44, ratingCount=4, merchantRating=null, merchantRatingCount=null), ProductVO(id=3, name=小米14 Pro 5G手机, description=骁龙8 Gen3处理器，2K OLED屏幕, price=5299.00, stockQuantity=944, categoryId=2, sku=XM14P-12+256-BLACK, ima...','0:0:0:0:0:0:0:1','2025-12-08 18:42:46',11,'2025-12-08 18:42:46','2025-12-08 18:42:46'),(69,'荒天',2,'商品管理','查询','获取商品列表','GET','http://localhost:8080/products','1;1;20;','Result(code=1, msg=success, data=PageResult(total=7, rows=Page{count=true, pageNum=1, pageSize=20, startRow=0, endRow=20, total=7, pages=1, reasonable=false, pageSizeZero=false}[ProductVO(id=10, name=米卡萨排球, description=耐久耐磨可以打一万场, price=349.99, stockQuantity=0, categoryId=46, sku=赛场专用球, imageUrl=https://p0.ssl.qhimgs1.com/sdr/400__/t015f94e1226fe6b93e.jpg, isActive=1, merchantId=2, merchantName=心雨文具, categoryName=球类运动, rating=4.00, ratingCount=1, merchantRating=null, merchantRatingCount=null), ProductVO(id=8, name=梅西头像, description=球王梅西, price=22.00, stockQuantity=95, categoryId=61, sku=梅西头像很帅气, imageUrl=https://web-management-ai.oss-cn-beijing.aliyuncs.com/2025/11/b718733f-50a3-488b-864f-c638bc84b6f7.jpg, isActive=1, merchantId=2, merchantName=心雨文具, categoryName=其它, rating=3.44, ratingCount=4, merchantRating=null, merchantRatingCount=null), ProductVO(id=3, name=小米14 Pro 5G手机, description=骁龙8 Gen3处理器，2K OLED屏幕, price=5299.00, stockQuantity=944, categoryId=2, sku=XM14P-12+256-BLACK, ima...','0:0:0:0:0:0:0:1','2025-12-08 18:42:53',10,'2025-12-08 18:42:53','2025-12-08 18:42:53'),(70,'荒天',2,'商品管理','查询','获取商品列表','GET','http://localhost:8080/products','1;1;20;','Result(code=1, msg=success, data=PageResult(total=7, rows=Page{count=true, pageNum=1, pageSize=20, startRow=0, endRow=20, total=7, pages=1, reasonable=false, pageSizeZero=false}[ProductVO(id=10, name=米卡萨排球, description=耐久耐磨可以打一万场, price=349.99, stockQuantity=0, categoryId=46, sku=赛场专用球, imageUrl=https://p0.ssl.qhimgs1.com/sdr/400__/t015f94e1226fe6b93e.jpg, isActive=1, merchantId=2, merchantName=心雨文具, categoryName=球类运动, rating=4.00, ratingCount=1, merchantRating=null, merchantRatingCount=null), ProductVO(id=8, name=梅西头像, description=球王梅西, price=22.00, stockQuantity=95, categoryId=61, sku=梅西头像很帅气, imageUrl=https://web-management-ai.oss-cn-beijing.aliyuncs.com/2025/11/b718733f-50a3-488b-864f-c638bc84b6f7.jpg, isActive=1, merchantId=2, merchantName=心雨文具, categoryName=其它, rating=3.44, ratingCount=4, merchantRating=null, merchantRatingCount=null), ProductVO(id=3, name=小米14 Pro 5G手机, description=骁龙8 Gen3处理器，2K OLED屏幕, price=5299.00, stockQuantity=944, categoryId=2, sku=XM14P-12+256-BLACK, ima...','0:0:0:0:0:0:0:1','2025-12-08 18:43:04',12,'2025-12-08 18:43:04','2025-12-08 18:43:04'),(71,'荒天',2,'商品管理','查询','获取商品列表','GET','http://localhost:8080/products','1;1;20;','Result(code=1, msg=success, data=PageResult(total=7, rows=Page{count=true, pageNum=1, pageSize=20, startRow=0, endRow=20, total=7, pages=1, reasonable=false, pageSizeZero=false}[ProductVO(id=10, name=米卡萨排球, description=耐久耐磨可以打一万场, price=349.99, stockQuantity=0, categoryId=46, sku=赛场专用球, imageUrl=https://p0.ssl.qhimgs1.com/sdr/400__/t015f94e1226fe6b93e.jpg, isActive=1, merchantId=2, merchantName=心雨文具, categoryName=球类运动, rating=4.00, ratingCount=1, merchantRating=null, merchantRatingCount=null), ProductVO(id=8, name=梅西头像, description=球王梅西, price=22.00, stockQuantity=95, categoryId=61, sku=梅西头像很帅气, imageUrl=https://web-management-ai.oss-cn-beijing.aliyuncs.com/2025/11/b718733f-50a3-488b-864f-c638bc84b6f7.jpg, isActive=1, merchantId=2, merchantName=心雨文具, categoryName=其它, rating=3.44, ratingCount=4, merchantRating=null, merchantRatingCount=null), ProductVO(id=3, name=小米14 Pro 5G手机, description=骁龙8 Gen3处理器，2K OLED屏幕, price=5299.00, stockQuantity=944, categoryId=2, sku=XM14P-12+256-BLACK, ima...','0:0:0:0:0:0:0:1','2025-12-08 18:43:11',10,'2025-12-08 18:43:11','2025-12-08 18:43:11'),(72,'荒天',2,'商品管理','查询','获取商品列表','GET','http://localhost:8080/products','1;1;20;','Result(code=1, msg=success, data=PageResult(total=7, rows=Page{count=true, pageNum=1, pageSize=20, startRow=0, endRow=20, total=7, pages=1, reasonable=false, pageSizeZero=false}[ProductVO(id=10, name=米卡萨排球, description=耐久耐磨可以打一万场, price=349.99, stockQuantity=0, categoryId=46, sku=赛场专用球, imageUrl=https://p0.ssl.qhimgs1.com/sdr/400__/t015f94e1226fe6b93e.jpg, isActive=1, merchantId=2, merchantName=心雨文具, categoryName=球类运动, rating=4.00, ratingCount=1, merchantRating=null, merchantRatingCount=null), ProductVO(id=8, name=梅西头像, description=球王梅西, price=22.00, stockQuantity=95, categoryId=61, sku=梅西头像很帅气, imageUrl=https://web-management-ai.oss-cn-beijing.aliyuncs.com/2025/11/b718733f-50a3-488b-864f-c638bc84b6f7.jpg, isActive=1, merchantId=2, merchantName=心雨文具, categoryName=其它, rating=3.44, ratingCount=4, merchantRating=null, merchantRatingCount=null), ProductVO(id=3, name=小米14 Pro 5G手机, description=骁龙8 Gen3处理器，2K OLED屏幕, price=5299.00, stockQuantity=944, categoryId=2, sku=XM14P-12+256-BLACK, ima...','0:0:0:0:0:0:0:1','2025-12-08 18:43:38',4,'2025-12-08 18:43:38','2025-12-08 18:43:38'),(73,'荒天',2,'商品管理','查询','获取商品列表','GET','http://localhost:8080/products','1;1;20;','Result(code=1, msg=success, data=PageResult(total=7, rows=Page{count=true, pageNum=1, pageSize=20, startRow=0, endRow=20, total=7, pages=1, reasonable=false, pageSizeZero=false}[ProductVO(id=10, name=米卡萨排球, description=耐久耐磨可以打一万场, price=349.99, stockQuantity=0, categoryId=46, sku=赛场专用球, imageUrl=https://p0.ssl.qhimgs1.com/sdr/400__/t015f94e1226fe6b93e.jpg, isActive=1, merchantId=2, merchantName=心雨文具, categoryName=球类运动, rating=4.00, ratingCount=1, merchantRating=null, merchantRatingCount=null), ProductVO(id=8, name=梅西头像, description=球王梅西, price=22.00, stockQuantity=95, categoryId=61, sku=梅西头像很帅气, imageUrl=https://web-management-ai.oss-cn-beijing.aliyuncs.com/2025/11/b718733f-50a3-488b-864f-c638bc84b6f7.jpg, isActive=1, merchantId=2, merchantName=心雨文具, categoryName=其它, rating=3.44, ratingCount=4, merchantRating=null, merchantRatingCount=null), ProductVO(id=3, name=小米14 Pro 5G手机, description=骁龙8 Gen3处理器，2K OLED屏幕, price=5299.00, stockQuantity=944, categoryId=2, sku=XM14P-12+256-BLACK, ima...','0:0:0:0:0:0:0:1','2025-12-08 18:43:50',6,'2025-12-08 18:43:50','2025-12-08 18:43:50'),(74,'荒天',2,'商品管理','查询','获取商品列表','GET','http://localhost:8080/products','1;1;20;','Result(code=1, msg=success, data=PageResult(total=7, rows=Page{count=true, pageNum=1, pageSize=20, startRow=0, endRow=20, total=7, pages=1, reasonable=false, pageSizeZero=false}[ProductVO(id=10, name=米卡萨排球, description=耐久耐磨可以打一万场, price=349.99, stockQuantity=0, categoryId=46, sku=赛场专用球, imageUrl=https://p0.ssl.qhimgs1.com/sdr/400__/t015f94e1226fe6b93e.jpg, isActive=1, merchantId=2, merchantName=心雨文具, categoryName=球类运动, rating=4.00, ratingCount=1, merchantRating=null, merchantRatingCount=null), ProductVO(id=8, name=梅西头像, description=球王梅西, price=22.00, stockQuantity=95, categoryId=61, sku=梅西头像很帅气, imageUrl=https://web-management-ai.oss-cn-beijing.aliyuncs.com/2025/11/b718733f-50a3-488b-864f-c638bc84b6f7.jpg, isActive=1, merchantId=2, merchantName=心雨文具, categoryName=其它, rating=3.44, ratingCount=4, merchantRating=null, merchantRatingCount=null), ProductVO(id=3, name=小米14 Pro 5G手机, description=骁龙8 Gen3处理器，2K OLED屏幕, price=5299.00, stockQuantity=944, categoryId=2, sku=XM14P-12+256-BLACK, ima...','0:0:0:0:0:0:0:1','2025-12-08 18:44:20',5,'2025-12-08 18:44:20','2025-12-08 18:44:20'),(75,'荒天',2,'商品管理','查询','获取商品列表','GET','http://localhost:8080/products','1;1;20;','Result(code=1, msg=success, data=PageResult(total=7, rows=Page{count=true, pageNum=1, pageSize=20, startRow=0, endRow=20, total=7, pages=1, reasonable=false, pageSizeZero=false}[ProductVO(id=10, name=米卡萨排球, description=耐久耐磨可以打一万场, price=349.99, stockQuantity=0, categoryId=46, sku=赛场专用球, imageUrl=https://p0.ssl.qhimgs1.com/sdr/400__/t015f94e1226fe6b93e.jpg, isActive=1, merchantId=2, merchantName=心雨文具, categoryName=球类运动, rating=4.00, ratingCount=1, merchantRating=null, merchantRatingCount=null), ProductVO(id=8, name=梅西头像, description=球王梅西, price=22.00, stockQuantity=95, categoryId=61, sku=梅西头像很帅气, imageUrl=https://web-management-ai.oss-cn-beijing.aliyuncs.com/2025/11/b718733f-50a3-488b-864f-c638bc84b6f7.jpg, isActive=1, merchantId=2, merchantName=心雨文具, categoryName=其它, rating=3.44, ratingCount=4, merchantRating=null, merchantRatingCount=null), ProductVO(id=3, name=小米14 Pro 5G手机, description=骁龙8 Gen3处理器，2K OLED屏幕, price=5299.00, stockQuantity=944, categoryId=2, sku=XM14P-12+256-BLACK, ima...','0:0:0:0:0:0:0:1','2025-12-08 18:44:25',7,'2025-12-08 18:44:26','2025-12-08 18:44:26'),(76,'荒天',2,'商品管理','查询','获取商品列表','GET','http://localhost:8080/products','1;1;20;','Result(code=1, msg=success, data=PageResult(total=7, rows=Page{count=true, pageNum=1, pageSize=20, startRow=0, endRow=20, total=7, pages=1, reasonable=false, pageSizeZero=false}[ProductVO(id=10, name=米卡萨排球, description=耐久耐磨可以打一万场, price=349.99, stockQuantity=0, categoryId=46, sku=赛场专用球, imageUrl=https://p0.ssl.qhimgs1.com/sdr/400__/t015f94e1226fe6b93e.jpg, isActive=1, merchantId=2, merchantName=心雨文具, categoryName=球类运动, rating=4.00, ratingCount=1, merchantRating=null, merchantRatingCount=null), ProductVO(id=8, name=梅西头像, description=球王梅西, price=22.00, stockQuantity=95, categoryId=61, sku=梅西头像很帅气, imageUrl=https://web-management-ai.oss-cn-beijing.aliyuncs.com/2025/11/b718733f-50a3-488b-864f-c638bc84b6f7.jpg, isActive=1, merchantId=2, merchantName=心雨文具, categoryName=其它, rating=3.44, ratingCount=4, merchantRating=null, merchantRatingCount=null), ProductVO(id=3, name=小米14 Pro 5G手机, description=骁龙8 Gen3处理器，2K OLED屏幕, price=5299.00, stockQuantity=944, categoryId=2, sku=XM14P-12+256-BLACK, ima...','0:0:0:0:0:0:0:1','2025-12-08 18:44:30',7,'2025-12-08 18:44:30','2025-12-08 18:44:30'),(77,'荒天',2,'商品管理','查询','获取商品列表','GET','http://localhost:8080/products','1;1;20;','Result(code=1, msg=success, data=PageResult(total=7, rows=Page{count=true, pageNum=1, pageSize=20, startRow=0, endRow=20, total=7, pages=1, reasonable=false, pageSizeZero=false}[ProductVO(id=10, name=米卡萨排球, description=耐久耐磨可以打一万场, price=349.99, stockQuantity=0, categoryId=46, sku=赛场专用球, imageUrl=https://p0.ssl.qhimgs1.com/sdr/400__/t015f94e1226fe6b93e.jpg, isActive=1, merchantId=2, merchantName=心雨文具, categoryName=球类运动, rating=4.00, ratingCount=1, merchantRating=null, merchantRatingCount=null), ProductVO(id=8, name=梅西头像, description=球王梅西, price=22.00, stockQuantity=95, categoryId=61, sku=梅西头像很帅气, imageUrl=https://web-management-ai.oss-cn-beijing.aliyuncs.com/2025/11/b718733f-50a3-488b-864f-c638bc84b6f7.jpg, isActive=1, merchantId=2, merchantName=心雨文具, categoryName=其它, rating=3.44, ratingCount=4, merchantRating=null, merchantRatingCount=null), ProductVO(id=3, name=小米14 Pro 5G手机, description=骁龙8 Gen3处理器，2K OLED屏幕, price=5299.00, stockQuantity=944, categoryId=2, sku=XM14P-12+256-BLACK, ima...','0:0:0:0:0:0:0:1','2025-12-08 18:45:07',7,'2025-12-08 18:45:07','2025-12-08 18:45:07'),(78,'荒天',2,'商品管理','查询','获取商品列表','GET','http://localhost:8080/products','1;1;20;','Result(code=1, msg=success, data=PageResult(total=7, rows=Page{count=true, pageNum=1, pageSize=20, startRow=0, endRow=20, total=7, pages=1, reasonable=false, pageSizeZero=false}[ProductVO(id=10, name=米卡萨排球, description=耐久耐磨可以打一万场, price=349.99, stockQuantity=0, categoryId=46, sku=赛场专用球, imageUrl=https://p0.ssl.qhimgs1.com/sdr/400__/t015f94e1226fe6b93e.jpg, isActive=1, merchantId=2, merchantName=心雨文具, categoryName=球类运动, rating=4.00, ratingCount=1, merchantRating=null, merchantRatingCount=null), ProductVO(id=8, name=梅西头像, description=球王梅西, price=22.00, stockQuantity=95, categoryId=61, sku=梅西头像很帅气, imageUrl=https://web-management-ai.oss-cn-beijing.aliyuncs.com/2025/11/b718733f-50a3-488b-864f-c638bc84b6f7.jpg, isActive=1, merchantId=2, merchantName=心雨文具, categoryName=其它, rating=3.44, ratingCount=4, merchantRating=null, merchantRatingCount=null), ProductVO(id=3, name=小米14 Pro 5G手机, description=骁龙8 Gen3处理器，2K OLED屏幕, price=5299.00, stockQuantity=944, categoryId=2, sku=XM14P-12+256-BLACK, ima...','0:0:0:0:0:0:0:1','2025-12-08 18:45:32',6,'2025-12-08 18:45:32','2025-12-08 18:45:32'),(79,'荒天',2,'商品管理','查询','获取商品列表','GET','http://localhost:8080/products','1;1;20;','Result(code=1, msg=success, data=PageResult(total=7, rows=Page{count=true, pageNum=1, pageSize=20, startRow=0, endRow=20, total=7, pages=1, reasonable=false, pageSizeZero=false}[ProductVO(id=10, name=米卡萨排球, description=耐久耐磨可以打一万场, price=349.99, stockQuantity=0, categoryId=46, sku=赛场专用球, imageUrl=https://p0.ssl.qhimgs1.com/sdr/400__/t015f94e1226fe6b93e.jpg, isActive=1, merchantId=2, merchantName=心雨文具, categoryName=球类运动, rating=4.00, ratingCount=1, merchantRating=null, merchantRatingCount=null), ProductVO(id=8, name=梅西头像, description=球王梅西, price=22.00, stockQuantity=95, categoryId=61, sku=梅西头像很帅气, imageUrl=https://web-management-ai.oss-cn-beijing.aliyuncs.com/2025/11/b718733f-50a3-488b-864f-c638bc84b6f7.jpg, isActive=1, merchantId=2, merchantName=心雨文具, categoryName=其它, rating=3.44, ratingCount=4, merchantRating=null, merchantRatingCount=null), ProductVO(id=3, name=小米14 Pro 5G手机, description=骁龙8 Gen3处理器，2K OLED屏幕, price=5299.00, stockQuantity=944, categoryId=2, sku=XM14P-12+256-BLACK, ima...','0:0:0:0:0:0:0:1','2025-12-08 18:45:40',10,'2025-12-08 18:45:40','2025-12-08 18:45:40'),(80,'荒天',2,'商品管理','查询','获取商品列表','GET','http://localhost:8080/products','1;1;20;','Result(code=1, msg=success, data=PageResult(total=7, rows=Page{count=true, pageNum=1, pageSize=20, startRow=0, endRow=20, total=7, pages=1, reasonable=false, pageSizeZero=false}[ProductVO(id=10, name=米卡萨排球, description=耐久耐磨可以打一万场, price=349.99, stockQuantity=0, categoryId=46, sku=赛场专用球, imageUrl=https://p0.ssl.qhimgs1.com/sdr/400__/t015f94e1226fe6b93e.jpg, isActive=1, merchantId=2, merchantName=心雨文具, categoryName=球类运动, rating=4.00, ratingCount=1, merchantRating=null, merchantRatingCount=null), ProductVO(id=8, name=梅西头像, description=球王梅西, price=22.00, stockQuantity=95, categoryId=61, sku=梅西头像很帅气, imageUrl=https://web-management-ai.oss-cn-beijing.aliyuncs.com/2025/11/b718733f-50a3-488b-864f-c638bc84b6f7.jpg, isActive=1, merchantId=2, merchantName=心雨文具, categoryName=其它, rating=3.44, ratingCount=4, merchantRating=null, merchantRatingCount=null), ProductVO(id=3, name=小米14 Pro 5G手机, description=骁龙8 Gen3处理器，2K OLED屏幕, price=5299.00, stockQuantity=944, categoryId=2, sku=XM14P-12+256-BLACK, ima...','0:0:0:0:0:0:0:1','2025-12-08 18:45:42',8,'2025-12-08 18:45:42','2025-12-08 18:45:42'),(81,'荒天',2,'商品管理','查询','获取商品列表','GET','http://localhost:8080/products','1;1;20;','Result(code=1, msg=success, data=PageResult(total=7, rows=Page{count=true, pageNum=1, pageSize=20, startRow=0, endRow=20, total=7, pages=1, reasonable=false, pageSizeZero=false}[ProductVO(id=10, name=米卡萨排球, description=耐久耐磨可以打一万场, price=349.99, stockQuantity=0, categoryId=46, sku=赛场专用球, imageUrl=https://p0.ssl.qhimgs1.com/sdr/400__/t015f94e1226fe6b93e.jpg, isActive=1, merchantId=2, merchantName=心雨文具, categoryName=球类运动, rating=4.00, ratingCount=1, merchantRating=null, merchantRatingCount=null), ProductVO(id=8, name=梅西头像, description=球王梅西, price=22.00, stockQuantity=95, categoryId=61, sku=梅西头像很帅气, imageUrl=https://web-management-ai.oss-cn-beijing.aliyuncs.com/2025/11/b718733f-50a3-488b-864f-c638bc84b6f7.jpg, isActive=1, merchantId=2, merchantName=心雨文具, categoryName=其它, rating=3.44, ratingCount=4, merchantRating=null, merchantRatingCount=null), ProductVO(id=3, name=小米14 Pro 5G手机, description=骁龙8 Gen3处理器，2K OLED屏幕, price=5299.00, stockQuantity=944, categoryId=2, sku=XM14P-12+256-BLACK, ima...','0:0:0:0:0:0:0:1','2025-12-08 18:50:15',5,'2025-12-08 18:50:15','2025-12-08 18:50:15'),(82,'荒天',2,'商品管理','查询','获取商品列表','GET','http://localhost:8080/products','1;1;20;','Result(code=1, msg=success, data=PageResult(total=7, rows=Page{count=true, pageNum=1, pageSize=20, startRow=0, endRow=20, total=7, pages=1, reasonable=false, pageSizeZero=false}[ProductVO(id=10, name=米卡萨排球, description=耐久耐磨可以打一万场, price=349.99, stockQuantity=0, categoryId=46, sku=赛场专用球, imageUrl=https://p0.ssl.qhimgs1.com/sdr/400__/t015f94e1226fe6b93e.jpg, isActive=1, merchantId=2, merchantName=心雨文具, categoryName=球类运动, rating=4.00, ratingCount=1, merchantRating=null, merchantRatingCount=null), ProductVO(id=8, name=梅西头像, description=球王梅西, price=22.00, stockQuantity=95, categoryId=61, sku=梅西头像很帅气, imageUrl=https://web-management-ai.oss-cn-beijing.aliyuncs.com/2025/11/b718733f-50a3-488b-864f-c638bc84b6f7.jpg, isActive=1, merchantId=2, merchantName=心雨文具, categoryName=其它, rating=3.44, ratingCount=4, merchantRating=null, merchantRatingCount=null), ProductVO(id=3, name=小米14 Pro 5G手机, description=骁龙8 Gen3处理器，2K OLED屏幕, price=5299.00, stockQuantity=944, categoryId=2, sku=XM14P-12+256-BLACK, ima...','0:0:0:0:0:0:0:1','2025-12-08 18:50:28',6,'2025-12-08 18:50:28','2025-12-08 18:50:28'),(83,'荒天',2,'商品管理','查询','获取商品列表','GET','http://localhost:8080/products','1;1;20;','Result(code=1, msg=success, data=PageResult(total=7, rows=Page{count=true, pageNum=1, pageSize=20, startRow=0, endRow=20, total=7, pages=1, reasonable=false, pageSizeZero=false}[ProductVO(id=10, name=米卡萨排球, description=耐久耐磨可以打一万场, price=349.99, stockQuantity=0, categoryId=46, sku=赛场专用球, imageUrl=https://p0.ssl.qhimgs1.com/sdr/400__/t015f94e1226fe6b93e.jpg, isActive=1, merchantId=2, merchantName=心雨文具, categoryName=球类运动, rating=4.00, ratingCount=1, merchantRating=null, merchantRatingCount=null), ProductVO(id=8, name=梅西头像, description=球王梅西, price=22.00, stockQuantity=95, categoryId=61, sku=梅西头像很帅气, imageUrl=https://web-management-ai.oss-cn-beijing.aliyuncs.com/2025/11/b718733f-50a3-488b-864f-c638bc84b6f7.jpg, isActive=1, merchantId=2, merchantName=心雨文具, categoryName=其它, rating=3.44, ratingCount=4, merchantRating=null, merchantRatingCount=null), ProductVO(id=3, name=小米14 Pro 5G手机, description=骁龙8 Gen3处理器，2K OLED屏幕, price=5299.00, stockQuantity=944, categoryId=2, sku=XM14P-12+256-BLACK, ima...','0:0:0:0:0:0:0:1','2025-12-08 18:51:28',6,'2025-12-08 18:51:28','2025-12-08 18:51:28'),(84,'荒天',2,'商品管理','查询','获取商品列表','GET','http://localhost:8080/products','1;1;20;','Result(code=1, msg=success, data=PageResult(total=7, rows=Page{count=true, pageNum=1, pageSize=20, startRow=0, endRow=20, total=7, pages=1, reasonable=false, pageSizeZero=false}[ProductVO(id=10, name=米卡萨排球, description=耐久耐磨可以打一万场, price=349.99, stockQuantity=0, categoryId=46, sku=赛场专用球, imageUrl=https://p0.ssl.qhimgs1.com/sdr/400__/t015f94e1226fe6b93e.jpg, isActive=1, merchantId=2, merchantName=心雨文具, categoryName=球类运动, rating=4.00, ratingCount=1, merchantRating=null, merchantRatingCount=null), ProductVO(id=8, name=梅西头像, description=球王梅西, price=22.00, stockQuantity=95, categoryId=61, sku=梅西头像很帅气, imageUrl=https://web-management-ai.oss-cn-beijing.aliyuncs.com/2025/11/b718733f-50a3-488b-864f-c638bc84b6f7.jpg, isActive=1, merchantId=2, merchantName=心雨文具, categoryName=其它, rating=3.44, ratingCount=4, merchantRating=null, merchantRatingCount=null), ProductVO(id=3, name=小米14 Pro 5G手机, description=骁龙8 Gen3处理器，2K OLED屏幕, price=5299.00, stockQuantity=944, categoryId=2, sku=XM14P-12+256-BLACK, ima...','0:0:0:0:0:0:0:1','2025-12-08 18:53:30',6,'2025-12-08 18:53:30','2025-12-08 18:53:30'),(85,'荒天',2,'商品管理','查询','获取商品列表','GET','http://localhost:8080/products','1;1;20;','Result(code=1, msg=success, data=PageResult(total=7, rows=Page{count=true, pageNum=1, pageSize=20, startRow=0, endRow=20, total=7, pages=1, reasonable=false, pageSizeZero=false}[ProductVO(id=10, name=米卡萨排球, description=耐久耐磨可以打一万场, price=349.99, stockQuantity=0, categoryId=46, sku=赛场专用球, imageUrl=https://p0.ssl.qhimgs1.com/sdr/400__/t015f94e1226fe6b93e.jpg, isActive=1, merchantId=2, merchantName=心雨文具, categoryName=球类运动, rating=4.00, ratingCount=1, merchantRating=null, merchantRatingCount=null), ProductVO(id=8, name=梅西头像, description=球王梅西, price=22.00, stockQuantity=95, categoryId=61, sku=梅西头像很帅气, imageUrl=https://web-management-ai.oss-cn-beijing.aliyuncs.com/2025/11/b718733f-50a3-488b-864f-c638bc84b6f7.jpg, isActive=1, merchantId=2, merchantName=心雨文具, categoryName=其它, rating=3.44, ratingCount=4, merchantRating=null, merchantRatingCount=null), ProductVO(id=3, name=小米14 Pro 5G手机, description=骁龙8 Gen3处理器，2K OLED屏幕, price=5299.00, stockQuantity=944, categoryId=2, sku=XM14P-12+256-BLACK, ima...','0:0:0:0:0:0:0:1','2025-12-08 18:54:07',5,'2025-12-08 18:54:07','2025-12-08 18:54:07'),(86,'荒天',2,'商品管理','查询','获取商品列表','GET','http://localhost:8080/products','1;1;20;','Result(code=1, msg=success, data=PageResult(total=7, rows=Page{count=true, pageNum=1, pageSize=20, startRow=0, endRow=20, total=7, pages=1, reasonable=false, pageSizeZero=false}[ProductVO(id=10, name=米卡萨排球, description=耐久耐磨可以打一万场, price=349.99, stockQuantity=0, categoryId=46, sku=赛场专用球, imageUrl=https://p0.ssl.qhimgs1.com/sdr/400__/t015f94e1226fe6b93e.jpg, isActive=1, merchantId=2, merchantName=心雨文具, categoryName=球类运动, rating=4.00, ratingCount=1, merchantRating=null, merchantRatingCount=null), ProductVO(id=8, name=梅西头像, description=球王梅西, price=22.00, stockQuantity=95, categoryId=61, sku=梅西头像很帅气, imageUrl=https://web-management-ai.oss-cn-beijing.aliyuncs.com/2025/11/b718733f-50a3-488b-864f-c638bc84b6f7.jpg, isActive=1, merchantId=2, merchantName=心雨文具, categoryName=其它, rating=3.44, ratingCount=4, merchantRating=null, merchantRatingCount=null), ProductVO(id=3, name=小米14 Pro 5G手机, description=骁龙8 Gen3处理器，2K OLED屏幕, price=5299.00, stockQuantity=944, categoryId=2, sku=XM14P-12+256-BLACK, ima...','0:0:0:0:0:0:0:1','2025-12-08 18:54:18',10,'2025-12-08 18:54:18','2025-12-08 18:54:18'),(87,'荒天',2,'商品管理','查询','获取商品列表','GET','http://localhost:8080/products','1;1;20;','Result(code=1, msg=success, data=PageResult(total=7, rows=Page{count=true, pageNum=1, pageSize=20, startRow=0, endRow=20, total=7, pages=1, reasonable=false, pageSizeZero=false}[ProductVO(id=10, name=米卡萨排球, description=耐久耐磨可以打一万场, price=349.99, stockQuantity=0, categoryId=46, sku=赛场专用球, imageUrl=https://p0.ssl.qhimgs1.com/sdr/400__/t015f94e1226fe6b93e.jpg, isActive=1, merchantId=2, merchantName=心雨文具, categoryName=球类运动, rating=4.00, ratingCount=1, merchantRating=null, merchantRatingCount=null), ProductVO(id=8, name=梅西头像, description=球王梅西, price=22.00, stockQuantity=95, categoryId=61, sku=梅西头像很帅气, imageUrl=https://web-management-ai.oss-cn-beijing.aliyuncs.com/2025/11/b718733f-50a3-488b-864f-c638bc84b6f7.jpg, isActive=1, merchantId=2, merchantName=心雨文具, categoryName=其它, rating=3.44, ratingCount=4, merchantRating=null, merchantRatingCount=null), ProductVO(id=3, name=小米14 Pro 5G手机, description=骁龙8 Gen3处理器，2K OLED屏幕, price=5299.00, stockQuantity=944, categoryId=2, sku=XM14P-12+256-BLACK, ima...','0:0:0:0:0:0:0:1','2025-12-08 18:54:42',7,'2025-12-08 18:54:42','2025-12-08 18:54:42'),(88,'荒天',2,'商品管理','查询','获取商品列表','GET','http://localhost:8080/products','1;1;20;','Result(code=1, msg=success, data=PageResult(total=7, rows=Page{count=true, pageNum=1, pageSize=20, startRow=0, endRow=20, total=7, pages=1, reasonable=false, pageSizeZero=false}[ProductVO(id=10, name=米卡萨排球, description=耐久耐磨可以打一万场, price=349.99, stockQuantity=0, categoryId=46, sku=赛场专用球, imageUrl=https://p0.ssl.qhimgs1.com/sdr/400__/t015f94e1226fe6b93e.jpg, isActive=1, merchantId=2, merchantName=心雨文具, categoryName=球类运动, rating=4.00, ratingCount=1, merchantRating=null, merchantRatingCount=null), ProductVO(id=8, name=梅西头像, description=球王梅西, price=22.00, stockQuantity=95, categoryId=61, sku=梅西头像很帅气, imageUrl=https://web-management-ai.oss-cn-beijing.aliyuncs.com/2025/11/b718733f-50a3-488b-864f-c638bc84b6f7.jpg, isActive=1, merchantId=2, merchantName=心雨文具, categoryName=其它, rating=3.44, ratingCount=4, merchantRating=null, merchantRatingCount=null), ProductVO(id=3, name=小米14 Pro 5G手机, description=骁龙8 Gen3处理器，2K OLED屏幕, price=5299.00, stockQuantity=944, categoryId=2, sku=XM14P-12+256-BLACK, ima...','0:0:0:0:0:0:0:1','2025-12-08 18:54:46',7,'2025-12-08 18:54:46','2025-12-08 18:54:46'),(89,'荒天',2,'商品管理','查询','获取商品列表','GET','http://localhost:8080/products','1;1;20;','Result(code=1, msg=success, data=PageResult(total=7, rows=Page{count=true, pageNum=1, pageSize=20, startRow=0, endRow=20, total=7, pages=1, reasonable=false, pageSizeZero=false}[ProductVO(id=10, name=米卡萨排球, description=耐久耐磨可以打一万场, price=349.99, stockQuantity=0, categoryId=46, sku=赛场专用球, imageUrl=https://p0.ssl.qhimgs1.com/sdr/400__/t015f94e1226fe6b93e.jpg, isActive=1, merchantId=2, merchantName=心雨文具, categoryName=球类运动, rating=4.00, ratingCount=1, merchantRating=null, merchantRatingCount=null), ProductVO(id=8, name=梅西头像, description=球王梅西, price=22.00, stockQuantity=95, categoryId=61, sku=梅西头像很帅气, imageUrl=https://web-management-ai.oss-cn-beijing.aliyuncs.com/2025/11/b718733f-50a3-488b-864f-c638bc84b6f7.jpg, isActive=1, merchantId=2, merchantName=心雨文具, categoryName=其它, rating=3.44, ratingCount=4, merchantRating=null, merchantRatingCount=null), ProductVO(id=3, name=小米14 Pro 5G手机, description=骁龙8 Gen3处理器，2K OLED屏幕, price=5299.00, stockQuantity=944, categoryId=2, sku=XM14P-12+256-BLACK, ima...','0:0:0:0:0:0:0:1','2025-12-08 18:54:49',8,'2025-12-08 18:54:49','2025-12-08 18:54:49'),(90,'荒天',2,'商品管理','查询','获取商品列表','GET','http://localhost:8080/products','1;1;20;','Result(code=1, msg=success, data=PageResult(total=7, rows=Page{count=true, pageNum=1, pageSize=20, startRow=0, endRow=20, total=7, pages=1, reasonable=false, pageSizeZero=false}[ProductVO(id=10, name=米卡萨排球, description=耐久耐磨可以打一万场, price=349.99, stockQuantity=0, categoryId=46, sku=赛场专用球, imageUrl=https://p0.ssl.qhimgs1.com/sdr/400__/t015f94e1226fe6b93e.jpg, isActive=1, merchantId=2, merchantName=心雨文具, categoryName=球类运动, rating=4.00, ratingCount=1, merchantRating=null, merchantRatingCount=null), ProductVO(id=8, name=梅西头像, description=球王梅西, price=22.00, stockQuantity=95, categoryId=61, sku=梅西头像很帅气, imageUrl=https://web-management-ai.oss-cn-beijing.aliyuncs.com/2025/11/b718733f-50a3-488b-864f-c638bc84b6f7.jpg, isActive=1, merchantId=2, merchantName=心雨文具, categoryName=其它, rating=3.44, ratingCount=4, merchantRating=null, merchantRatingCount=null), ProductVO(id=3, name=小米14 Pro 5G手机, description=骁龙8 Gen3处理器，2K OLED屏幕, price=5299.00, stockQuantity=944, categoryId=2, sku=XM14P-12+256-BLACK, ima...','0:0:0:0:0:0:0:1','2025-12-08 18:55:10',4,'2025-12-08 18:55:10','2025-12-08 18:55:10'),(91,'荒天',2,'购物车管理','查询','查询购物车信息','GET','http://localhost:8080/cart',NULL,'Result(code=1, msg=success, data=null)','0:0:0:0:0:0:0:1','2025-12-08 18:55:16',22,'2025-12-08 18:55:16','2025-12-08 18:55:16'),(92,'荒天',2,'订单管理','查询','查询用户订单','GET','http://localhost:8080/orders','','Result(code=1, msg=success, data=[UserOrdersVO(id=98, orderNumber=532465662828740613, status=DELIVERED, paymentStatus=PAID, orderedTime=2025-12-05T21:19:58, totalAmount=22.00, shippingAddressId=13, billingAddressId=12, shippedTime=2025-12-05T21:19:27, deliveredTime=2025-12-05T21:19:58, shipType=YD, trackingNumber=YD_823969587972, merchantId=2, merchantName=心雨文具, remark=没有备注, items=[UserOrdersVO.OrderProduct(productId=8, productName=梅西头像, productPrice=22.00, quantity=1, imageUrl=https://web-management-ai.oss-cn-beijing.aliyuncs.com/2025/11/b718733f-50a3-488b-864f-c638bc84b6f7.jpg, isReviewed=true, orderItemId=125)]), UserOrdersVO(id=97, orderNumber=532465632763969540, status=DELIVERED, paymentStatus=PAID, orderedTime=2025-12-05T21:19:56, totalAmount=22.00, shippingAddressId=12, billingAddressId=12, shippedTime=2025-12-05T21:19:34, deliveredTime=2025-12-05T21:19:56, shipType=YD, trackingNumber=YD_782100327235, merchantId=2, merchantName=心雨文具, remark=没有备注, items=[UserOrdersVO.OrderProduct...','0:0:0:0:0:0:0:1','2025-12-08 18:55:18',7,'2025-12-08 18:55:18','2025-12-08 18:55:18'),(93,'荒天',2,'商品管理','查询','获取商品列表','GET','http://localhost:8080/products','1;1;20;','Result(code=1, msg=success, data=PageResult(total=7, rows=Page{count=true, pageNum=1, pageSize=20, startRow=0, endRow=20, total=7, pages=1, reasonable=false, pageSizeZero=false}[ProductVO(id=10, name=米卡萨排球, description=耐久耐磨可以打一万场, price=349.99, stockQuantity=0, categoryId=46, sku=赛场专用球, imageUrl=https://p0.ssl.qhimgs1.com/sdr/400__/t015f94e1226fe6b93e.jpg, isActive=1, merchantId=2, merchantName=心雨文具, categoryName=球类运动, rating=4.00, ratingCount=1, merchantRating=null, merchantRatingCount=null), ProductVO(id=8, name=梅西头像, description=球王梅西, price=22.00, stockQuantity=95, categoryId=61, sku=梅西头像很帅气, imageUrl=https://web-management-ai.oss-cn-beijing.aliyuncs.com/2025/11/b718733f-50a3-488b-864f-c638bc84b6f7.jpg, isActive=1, merchantId=2, merchantName=心雨文具, categoryName=其它, rating=3.44, ratingCount=4, merchantRating=null, merchantRatingCount=null), ProductVO(id=3, name=小米14 Pro 5G手机, description=骁龙8 Gen3处理器，2K OLED屏幕, price=5299.00, stockQuantity=944, categoryId=2, sku=XM14P-12+256-BLACK, ima...','0:0:0:0:0:0:0:1','2025-12-08 18:55:38',8,'2025-12-08 18:55:38','2025-12-08 18:55:38'),(94,'荒天',2,'商品管理','查询','获取商品列表','GET','http://localhost:8080/products','1;1;20;','Result(code=1, msg=success, data=PageResult(total=7, rows=Page{count=true, pageNum=1, pageSize=20, startRow=0, endRow=20, total=7, pages=1, reasonable=false, pageSizeZero=false}[ProductVO(id=10, name=米卡萨排球, description=耐久耐磨可以打一万场, price=349.99, stockQuantity=0, categoryId=46, sku=赛场专用球, imageUrl=https://p0.ssl.qhimgs1.com/sdr/400__/t015f94e1226fe6b93e.jpg, isActive=1, merchantId=2, merchantName=心雨文具, categoryName=球类运动, rating=4.00, ratingCount=1, merchantRating=null, merchantRatingCount=null), ProductVO(id=8, name=梅西头像, description=球王梅西, price=22.00, stockQuantity=95, categoryId=61, sku=梅西头像很帅气, imageUrl=https://web-management-ai.oss-cn-beijing.aliyuncs.com/2025/11/b718733f-50a3-488b-864f-c638bc84b6f7.jpg, isActive=1, merchantId=2, merchantName=心雨文具, categoryName=其它, rating=3.44, ratingCount=4, merchantRating=null, merchantRatingCount=null), ProductVO(id=3, name=小米14 Pro 5G手机, description=骁龙8 Gen3处理器，2K OLED屏幕, price=5299.00, stockQuantity=944, categoryId=2, sku=XM14P-12+256-BLACK, ima...','0:0:0:0:0:0:0:1','2025-12-08 18:56:00',8,'2025-12-08 18:56:00','2025-12-08 18:56:00'),(95,'荒天',2,'商品管理','查询','获取商品列表','GET','http://localhost:8080/products','1;1;20;','Result(code=1, msg=success, data=PageResult(total=7, rows=Page{count=true, pageNum=1, pageSize=20, startRow=0, endRow=20, total=7, pages=1, reasonable=false, pageSizeZero=false}[ProductVO(id=10, name=米卡萨排球, description=耐久耐磨可以打一万场, price=349.99, stockQuantity=0, categoryId=46, sku=赛场专用球, imageUrl=https://p0.ssl.qhimgs1.com/sdr/400__/t015f94e1226fe6b93e.jpg, isActive=1, merchantId=2, merchantName=心雨文具, categoryName=球类运动, rating=4.00, ratingCount=1, merchantRating=null, merchantRatingCount=null), ProductVO(id=8, name=梅西头像, description=球王梅西, price=22.00, stockQuantity=95, categoryId=61, sku=梅西头像很帅气, imageUrl=https://web-management-ai.oss-cn-beijing.aliyuncs.com/2025/11/b718733f-50a3-488b-864f-c638bc84b6f7.jpg, isActive=1, merchantId=2, merchantName=心雨文具, categoryName=其它, rating=3.44, ratingCount=4, merchantRating=null, merchantRatingCount=null), ProductVO(id=3, name=小米14 Pro 5G手机, description=骁龙8 Gen3处理器，2K OLED屏幕, price=5299.00, stockQuantity=944, categoryId=2, sku=XM14P-12+256-BLACK, ima...','0:0:0:0:0:0:0:1','2025-12-08 18:56:04',7,'2025-12-08 18:56:04','2025-12-08 18:56:04'),(96,'荒天',2,'订单管理','查询','查询商家订单','GET','http://localhost:8080/orders/merchant','','Result(code=1, msg=success, data=[MerchantOrdersVO(id=101, orderNumber=532476241333190664, status=CANCELLED, paymentStatus=CANCELLED, orderedTime=2025-12-05T22:09:47, totalAmount=1499.00, shippingAddressId=17, billingAddressId=null, shippedTime=null, deliveredTime=null, shipType=null, trackingNumber=null, customerNickName=zxy, customerImage=https://web-management-ai.oss-cn-beijing.aliyuncs.com/2025/11/0977c037-66df-44bd-a2b1-0a6879b99d1f.jpg, remark=订单已超时，自动取消, items=[UserOrdersVO.OrderProduct(productId=9, productName=山地自行车, productPrice=1499.00, quantity=1, imageUrl=https://tse4-mm.cn.bing.net/th/id/OIP-C.Q5XP9BnAtU1I3d79cbHptgHaGu?w=210&h=191&c=7&r=0&o=7&dpr=1.5&pid=1.7&rm=3, isReviewed=null, orderItemId=null)]), MerchantOrdersVO(id=99, orderNumber=532474574885879814, status=CANCELLED, paymentStatus=CANCELLED, orderedTime=2025-12-05T22:03:25, totalAmount=22.00, shippingAddressId=17, billingAddressId=null, shippedTime=null, deliveredTime=null, shipType=null, trackingNumber=null, custo...','0:0:0:0:0:0:0:1','2025-12-08 18:56:09',24,'2025-12-08 18:56:09','2025-12-08 18:56:09'),(97,'荒天',2,'订单管理','查询','查询商家订单','GET','http://localhost:8080/orders/merchant','','Result(code=1, msg=success, data=[MerchantOrdersVO(id=101, orderNumber=532476241333190664, status=CANCELLED, paymentStatus=CANCELLED, orderedTime=2025-12-05T22:09:47, totalAmount=1499.00, shippingAddressId=17, billingAddressId=null, shippedTime=null, deliveredTime=null, shipType=null, trackingNumber=null, customerNickName=zxy, customerImage=https://web-management-ai.oss-cn-beijing.aliyuncs.com/2025/11/0977c037-66df-44bd-a2b1-0a6879b99d1f.jpg, remark=订单已超时，自动取消, items=[UserOrdersVO.OrderProduct(productId=9, productName=山地自行车, productPrice=1499.00, quantity=1, imageUrl=https://tse4-mm.cn.bing.net/th/id/OIP-C.Q5XP9BnAtU1I3d79cbHptgHaGu?w=210&h=191&c=7&r=0&o=7&dpr=1.5&pid=1.7&rm=3, isReviewed=null, orderItemId=null)]), MerchantOrdersVO(id=99, orderNumber=532474574885879814, status=CANCELLED, paymentStatus=CANCELLED, orderedTime=2025-12-05T22:03:25, totalAmount=22.00, shippingAddressId=17, billingAddressId=null, shippedTime=null, deliveredTime=null, shipType=null, trackingNumber=null, custo...','0:0:0:0:0:0:0:1','2025-12-08 18:56:19',27,'2025-12-08 18:56:19','2025-12-08 18:56:19'),(98,'荒天',2,'商品管理','查询','获取商品列表','GET','http://localhost:8080/products','1;1;20;','Result(code=1, msg=success, data=PageResult(total=7, rows=Page{count=true, pageNum=1, pageSize=20, startRow=0, endRow=20, total=7, pages=1, reasonable=false, pageSizeZero=false}[ProductVO(id=10, name=米卡萨排球, description=耐久耐磨可以打一万场, price=349.99, stockQuantity=0, categoryId=46, sku=赛场专用球, imageUrl=https://p0.ssl.qhimgs1.com/sdr/400__/t015f94e1226fe6b93e.jpg, isActive=1, merchantId=2, merchantName=心雨文具, categoryName=球类运动, rating=4.00, ratingCount=1, merchantRating=null, merchantRatingCount=null), ProductVO(id=8, name=梅西头像, description=球王梅西, price=22.00, stockQuantity=95, categoryId=61, sku=梅西头像很帅气, imageUrl=https://web-management-ai.oss-cn-beijing.aliyuncs.com/2025/11/b718733f-50a3-488b-864f-c638bc84b6f7.jpg, isActive=1, merchantId=2, merchantName=心雨文具, categoryName=其它, rating=3.44, ratingCount=4, merchantRating=null, merchantRatingCount=null), ProductVO(id=3, name=小米14 Pro 5G手机, description=骁龙8 Gen3处理器，2K OLED屏幕, price=5299.00, stockQuantity=944, categoryId=2, sku=XM14P-12+256-BLACK, ima...','0:0:0:0:0:0:0:1','2025-12-08 18:56:33',6,'2025-12-08 18:56:33','2025-12-08 18:56:33'),(99,'荒天',2,'商品管理','查询','获取商品列表','GET','http://localhost:8080/products','1;1;20;','Result(code=1, msg=success, data=PageResult(total=7, rows=Page{count=true, pageNum=1, pageSize=20, startRow=0, endRow=20, total=7, pages=1, reasonable=false, pageSizeZero=false}[ProductVO(id=10, name=米卡萨排球, description=耐久耐磨可以打一万场, price=349.99, stockQuantity=0, categoryId=46, sku=赛场专用球, imageUrl=https://p0.ssl.qhimgs1.com/sdr/400__/t015f94e1226fe6b93e.jpg, isActive=1, merchantId=2, merchantName=心雨文具, categoryName=球类运动, rating=4.00, ratingCount=1, merchantRating=null, merchantRatingCount=null), ProductVO(id=8, name=梅西头像, description=球王梅西, price=22.00, stockQuantity=95, categoryId=61, sku=梅西头像很帅气, imageUrl=https://web-management-ai.oss-cn-beijing.aliyuncs.com/2025/11/b718733f-50a3-488b-864f-c638bc84b6f7.jpg, isActive=1, merchantId=2, merchantName=心雨文具, categoryName=其它, rating=3.44, ratingCount=4, merchantRating=null, merchantRatingCount=null), ProductVO(id=3, name=小米14 Pro 5G手机, description=骁龙8 Gen3处理器，2K OLED屏幕, price=5299.00, stockQuantity=944, categoryId=2, sku=XM14P-12+256-BLACK, ima...','0:0:0:0:0:0:0:1','2025-12-08 18:56:48',6,'2025-12-08 18:56:48','2025-12-08 18:56:48'),(100,'荒天',2,'订单管理','查询','查询用户订单','GET','http://localhost:8080/orders','','Result(code=1, msg=success, data=[UserOrdersVO(id=98, orderNumber=532465662828740613, status=DELIVERED, paymentStatus=PAID, orderedTime=2025-12-05T21:19:58, totalAmount=22.00, shippingAddressId=13, billingAddressId=12, shippedTime=2025-12-05T21:19:27, deliveredTime=2025-12-05T21:19:58, shipType=YD, trackingNumber=YD_823969587972, merchantId=2, merchantName=心雨文具, remark=没有备注, items=[UserOrdersVO.OrderProduct(productId=8, productName=梅西头像, productPrice=22.00, quantity=1, imageUrl=https://web-management-ai.oss-cn-beijing.aliyuncs.com/2025/11/b718733f-50a3-488b-864f-c638bc84b6f7.jpg, isReviewed=true, orderItemId=125)]), UserOrdersVO(id=97, orderNumber=532465632763969540, status=DELIVERED, paymentStatus=PAID, orderedTime=2025-12-05T21:19:56, totalAmount=22.00, shippingAddressId=12, billingAddressId=12, shippedTime=2025-12-05T21:19:34, deliveredTime=2025-12-05T21:19:56, shipType=YD, trackingNumber=YD_782100327235, merchantId=2, merchantName=心雨文具, remark=没有备注, items=[UserOrdersVO.OrderProduct...','0:0:0:0:0:0:0:1','2025-12-08 18:57:04',6,'2025-12-08 18:57:04','2025-12-08 18:57:04'),(101,'荒天',2,'商品管理','查询','获取商品列表','GET','http://localhost:8080/products','1;1;20;','Result(code=1, msg=success, data=PageResult(total=7, rows=Page{count=true, pageNum=1, pageSize=20, startRow=0, endRow=20, total=7, pages=1, reasonable=false, pageSizeZero=false}[ProductVO(id=10, name=米卡萨排球, description=耐久耐磨可以打一万场, price=349.99, stockQuantity=0, categoryId=46, sku=赛场专用球, imageUrl=https://p0.ssl.qhimgs1.com/sdr/400__/t015f94e1226fe6b93e.jpg, isActive=1, merchantId=2, merchantName=心雨文具, categoryName=球类运动, rating=4.00, ratingCount=1, merchantRating=null, merchantRatingCount=null), ProductVO(id=8, name=梅西头像, description=球王梅西, price=22.00, stockQuantity=95, categoryId=61, sku=梅西头像很帅气, imageUrl=https://web-management-ai.oss-cn-beijing.aliyuncs.com/2025/11/b718733f-50a3-488b-864f-c638bc84b6f7.jpg, isActive=1, merchantId=2, merchantName=心雨文具, categoryName=其它, rating=3.44, ratingCount=4, merchantRating=null, merchantRatingCount=null), ProductVO(id=3, name=小米14 Pro 5G手机, description=骁龙8 Gen3处理器，2K OLED屏幕, price=5299.00, stockQuantity=944, categoryId=2, sku=XM14P-12+256-BLACK, ima...','0:0:0:0:0:0:0:1','2025-12-08 18:57:07',7,'2025-12-08 18:57:07','2025-12-08 18:57:07'),(102,'荒天',2,'商品管理','查询','获取商品列表','GET','http://localhost:8080/products','1;1;20;','Result(code=1, msg=success, data=PageResult(total=7, rows=Page{count=true, pageNum=1, pageSize=20, startRow=0, endRow=20, total=7, pages=1, reasonable=false, pageSizeZero=false}[ProductVO(id=10, name=米卡萨排球, description=耐久耐磨可以打一万场, price=349.99, stockQuantity=0, categoryId=46, sku=赛场专用球, imageUrl=https://p0.ssl.qhimgs1.com/sdr/400__/t015f94e1226fe6b93e.jpg, isActive=1, merchantId=2, merchantName=心雨文具, categoryName=球类运动, rating=4.00, ratingCount=1, merchantRating=null, merchantRatingCount=null), ProductVO(id=8, name=梅西头像, description=球王梅西, price=22.00, stockQuantity=95, categoryId=61, sku=梅西头像很帅气, imageUrl=https://web-management-ai.oss-cn-beijing.aliyuncs.com/2025/11/b718733f-50a3-488b-864f-c638bc84b6f7.jpg, isActive=1, merchantId=2, merchantName=心雨文具, categoryName=其它, rating=3.44, ratingCount=4, merchantRating=null, merchantRatingCount=null), ProductVO(id=3, name=小米14 Pro 5G手机, description=骁龙8 Gen3处理器，2K OLED屏幕, price=5299.00, stockQuantity=944, categoryId=2, sku=XM14P-12+256-BLACK, ima...','0:0:0:0:0:0:0:1','2025-12-08 18:58:07',4,'2025-12-08 18:58:07','2025-12-08 18:58:07'),(103,'荒天',2,'商品管理','查询','获取商品列表','GET','http://localhost:8080/products','1;1;20;','Result(code=1, msg=success, data=PageResult(total=7, rows=Page{count=true, pageNum=1, pageSize=20, startRow=0, endRow=20, total=7, pages=1, reasonable=false, pageSizeZero=false}[ProductVO(id=10, name=米卡萨排球, description=耐久耐磨可以打一万场, price=349.99, stockQuantity=0, categoryId=46, sku=赛场专用球, imageUrl=https://p0.ssl.qhimgs1.com/sdr/400__/t015f94e1226fe6b93e.jpg, isActive=1, merchantId=2, merchantName=心雨文具, categoryName=球类运动, rating=4.00, ratingCount=1, merchantRating=null, merchantRatingCount=null), ProductVO(id=8, name=梅西头像, description=球王梅西, price=22.00, stockQuantity=95, categoryId=61, sku=梅西头像很帅气, imageUrl=https://web-management-ai.oss-cn-beijing.aliyuncs.com/2025/11/b718733f-50a3-488b-864f-c638bc84b6f7.jpg, isActive=1, merchantId=2, merchantName=心雨文具, categoryName=其它, rating=3.44, ratingCount=4, merchantRating=null, merchantRatingCount=null), ProductVO(id=3, name=小米14 Pro 5G手机, description=骁龙8 Gen3处理器，2K OLED屏幕, price=5299.00, stockQuantity=944, categoryId=2, sku=XM14P-12+256-BLACK, ima...','0:0:0:0:0:0:0:1','2025-12-08 18:58:35',4,'2025-12-08 18:58:35','2025-12-08 18:58:35'),(104,'荒天',2,'商品管理','查询','获取商品列表','GET','http://localhost:8080/products','1;1;20;','Result(code=1, msg=success, data=PageResult(total=7, rows=Page{count=true, pageNum=1, pageSize=20, startRow=0, endRow=20, total=7, pages=1, reasonable=false, pageSizeZero=false}[ProductVO(id=10, name=米卡萨排球, description=耐久耐磨可以打一万场, price=349.99, stockQuantity=0, categoryId=46, sku=赛场专用球, imageUrl=https://p0.ssl.qhimgs1.com/sdr/400__/t015f94e1226fe6b93e.jpg, isActive=1, merchantId=2, merchantName=心雨文具, categoryName=球类运动, rating=4.00, ratingCount=1, merchantRating=null, merchantRatingCount=null), ProductVO(id=8, name=梅西头像, description=球王梅西, price=22.00, stockQuantity=95, categoryId=61, sku=梅西头像很帅气, imageUrl=https://web-management-ai.oss-cn-beijing.aliyuncs.com/2025/11/b718733f-50a3-488b-864f-c638bc84b6f7.jpg, isActive=1, merchantId=2, merchantName=心雨文具, categoryName=其它, rating=3.44, ratingCount=4, merchantRating=null, merchantRatingCount=null), ProductVO(id=3, name=小米14 Pro 5G手机, description=骁龙8 Gen3处理器，2K OLED屏幕, price=5299.00, stockQuantity=944, categoryId=2, sku=XM14P-12+256-BLACK, ima...','0:0:0:0:0:0:0:1','2025-12-08 19:00:22',4,'2025-12-08 19:00:22','2025-12-08 19:00:22'),(105,'荒天',2,'商品管理','查询','获取商品列表','GET','http://localhost:8080/products','1;1;10;','Result(code=1, msg=success, data=PageResult(total=7, rows=Page{count=true, pageNum=1, pageSize=10, startRow=0, endRow=10, total=7, pages=1, reasonable=false, pageSizeZero=false}[ProductVO(id=10, name=米卡萨排球, description=耐久耐磨可以打一万场, price=349.99, stockQuantity=0, categoryId=46, sku=赛场专用球, imageUrl=https://p0.ssl.qhimgs1.com/sdr/400__/t015f94e1226fe6b93e.jpg, isActive=1, merchantId=2, merchantName=心雨文具, categoryName=球类运动, rating=4.00, ratingCount=1, merchantRating=null, merchantRatingCount=null), ProductVO(id=8, name=梅西头像, description=球王梅西, price=22.00, stockQuantity=95, categoryId=61, sku=梅西头像很帅气, imageUrl=https://web-management-ai.oss-cn-beijing.aliyuncs.com/2025/11/b718733f-50a3-488b-864f-c638bc84b6f7.jpg, isActive=1, merchantId=2, merchantName=心雨文具, categoryName=其它, rating=3.44, ratingCount=4, merchantRating=null, merchantRatingCount=null), ProductVO(id=3, name=小米14 Pro 5G手机, description=骁龙8 Gen3处理器，2K OLED屏幕, price=5299.00, stockQuantity=944, categoryId=2, sku=XM14P-12+256-BLACK, ima...','0:0:0:0:0:0:0:1','2025-12-08 19:03:53',4,'2025-12-08 19:03:53','2025-12-08 19:03:53'),(106,'荒天',2,'商品管理','查询','获取商品列表','GET','http://localhost:8080/products','1;1;10;','Result(code=1, msg=success, data=PageResult(total=7, rows=Page{count=true, pageNum=1, pageSize=10, startRow=0, endRow=10, total=7, pages=1, reasonable=false, pageSizeZero=false}[ProductVO(id=10, name=米卡萨排球, description=耐久耐磨可以打一万场, price=349.99, stockQuantity=0, categoryId=46, sku=赛场专用球, imageUrl=https://p0.ssl.qhimgs1.com/sdr/400__/t015f94e1226fe6b93e.jpg, isActive=1, merchantId=2, merchantName=心雨文具, categoryName=球类运动, rating=4.00, ratingCount=1, merchantRating=null, merchantRatingCount=null), ProductVO(id=8, name=梅西头像, description=球王梅西, price=22.00, stockQuantity=95, categoryId=61, sku=梅西头像很帅气, imageUrl=https://web-management-ai.oss-cn-beijing.aliyuncs.com/2025/11/b718733f-50a3-488b-864f-c638bc84b6f7.jpg, isActive=1, merchantId=2, merchantName=心雨文具, categoryName=其它, rating=3.44, ratingCount=4, merchantRating=null, merchantRatingCount=null), ProductVO(id=3, name=小米14 Pro 5G手机, description=骁龙8 Gen3处理器，2K OLED屏幕, price=5299.00, stockQuantity=944, categoryId=2, sku=XM14P-12+256-BLACK, ima...','0:0:0:0:0:0:0:1','2025-12-08 19:03:55',5,'2025-12-08 19:03:55','2025-12-08 19:03:55'),(107,'zxy',22,'订单管理','查询','查询商家订单','GET','http://localhost:8080/orders/merchant','1;10;','Result(code=1, msg=success, data=[])','0:0:0:0:0:0:0:1','2025-12-08 19:14:34',8,'2025-12-08 19:14:34','2025-12-08 19:14:34'),(108,'zxy',22,'订单管理','查询','查询商家订单','GET','http://localhost:8080/orders/merchant','1;10;','Result(code=1, msg=success, data=[])','0:0:0:0:0:0:0:1','2025-12-08 19:14:36',2,'2025-12-08 19:14:36','2025-12-08 19:14:36'),(109,'荒天',2,'订单管理','查询','查询商家订单','GET','http://localhost:8080/orders/merchant','1;10;','Result(code=1, msg=success, data=[MerchantOrdersVO(id=101, orderNumber=532476241333190664, status=CANCELLED, paymentStatus=CANCELLED, orderedTime=2025-12-05T22:09:47, totalAmount=1499.00, shippingAddressId=17, billingAddressId=null, shippedTime=null, deliveredTime=null, shipType=null, trackingNumber=null, customerNickName=zxy, customerImage=https://web-management-ai.oss-cn-beijing.aliyuncs.com/2025/11/0977c037-66df-44bd-a2b1-0a6879b99d1f.jpg, remark=订单已超时，自动取消, items=[UserOrdersVO.OrderProduct(productId=9, productName=山地自行车, productPrice=1499.00, quantity=1, imageUrl=https://tse4-mm.cn.bing.net/th/id/OIP-C.Q5XP9BnAtU1I3d79cbHptgHaGu?w=210&h=191&c=7&r=0&o=7&dpr=1.5&pid=1.7&rm=3, isReviewed=null, orderItemId=null)]), MerchantOrdersVO(id=99, orderNumber=532474574885879814, status=CANCELLED, paymentStatus=CANCELLED, orderedTime=2025-12-05T22:03:25, totalAmount=22.00, shippingAddressId=17, billingAddressId=null, shippedTime=null, deliveredTime=null, shipType=null, trackingNumber=null, custo...','0:0:0:0:0:0:0:1','2025-12-08 19:15:11',14,'2025-12-08 19:15:11','2025-12-08 19:15:11'),(110,'荒天',2,'订单管理','查询','查询商家订单','GET','http://localhost:8080/orders/merchant','1;5;','Result(code=1, msg=success, data=[MerchantOrdersVO(id=101, orderNumber=532476241333190664, status=CANCELLED, paymentStatus=CANCELLED, orderedTime=2025-12-05T22:09:47, totalAmount=1499.00, shippingAddressId=17, billingAddressId=null, shippedTime=null, deliveredTime=null, shipType=null, trackingNumber=null, customerNickName=zxy, customerImage=https://web-management-ai.oss-cn-beijing.aliyuncs.com/2025/11/0977c037-66df-44bd-a2b1-0a6879b99d1f.jpg, remark=订单已超时，自动取消, items=[UserOrdersVO.OrderProduct(productId=9, productName=山地自行车, productPrice=1499.00, quantity=1, imageUrl=https://tse4-mm.cn.bing.net/th/id/OIP-C.Q5XP9BnAtU1I3d79cbHptgHaGu?w=210&h=191&c=7&r=0&o=7&dpr=1.5&pid=1.7&rm=3, isReviewed=null, orderItemId=null)]), MerchantOrdersVO(id=99, orderNumber=532474574885879814, status=CANCELLED, paymentStatus=CANCELLED, orderedTime=2025-12-05T22:03:25, totalAmount=22.00, shippingAddressId=17, billingAddressId=null, shippedTime=null, deliveredTime=null, shipType=null, trackingNumber=null, custo...','0:0:0:0:0:0:0:1','2025-12-08 19:15:46',78,'2025-12-08 19:15:46','2025-12-08 19:15:46'),(111,'荒天',2,'商品管理','查询','获取商品列表','GET','http://localhost:8080/products','1;1;10;','Result(code=1, msg=success, data=PageResult(total=7, rows=Page{count=true, pageNum=1, pageSize=10, startRow=0, endRow=10, total=7, pages=1, reasonable=false, pageSizeZero=false}[ProductVO(id=10, name=米卡萨排球, description=耐久耐磨可以打一万场, price=349.99, stockQuantity=0, categoryId=46, sku=赛场专用球, imageUrl=https://p0.ssl.qhimgs1.com/sdr/400__/t015f94e1226fe6b93e.jpg, isActive=1, merchantId=2, merchantName=心雨文具, categoryName=球类运动, rating=4.00, ratingCount=1, merchantRating=null, merchantRatingCount=null), ProductVO(id=8, name=梅西头像, description=球王梅西, price=22.00, stockQuantity=95, categoryId=61, sku=梅西头像很帅气, imageUrl=https://web-management-ai.oss-cn-beijing.aliyuncs.com/2025/11/b718733f-50a3-488b-864f-c638bc84b6f7.jpg, isActive=1, merchantId=2, merchantName=心雨文具, categoryName=其它, rating=3.44, ratingCount=4, merchantRating=null, merchantRatingCount=null), ProductVO(id=3, name=小米14 Pro 5G手机, description=骁龙8 Gen3处理器，2K OLED屏幕, price=5299.00, stockQuantity=944, categoryId=2, sku=XM14P-12+256-BLACK, ima...','0:0:0:0:0:0:0:1','2025-12-08 19:26:36',56,'2025-12-08 19:26:36','2025-12-08 19:26:36'),(112,'荒天',2,'订单管理','查询','查询商家订单','GET','http://localhost:8080/orders/merchant','1;5;','Result(code=1, msg=success, data=[MerchantOrdersVO(id=101, orderNumber=532476241333190664, status=CANCELLED, paymentStatus=CANCELLED, orderedTime=2025-12-05T22:09:47, totalAmount=1499.00, shippingAddressId=17, billingAddressId=null, shippedTime=null, deliveredTime=null, shipType=null, trackingNumber=null, customerNickName=zxy, customerImage=https://web-management-ai.oss-cn-beijing.aliyuncs.com/2025/11/0977c037-66df-44bd-a2b1-0a6879b99d1f.jpg, remark=订单已超时，自动取消, items=[UserOrdersVO.OrderProduct(productId=9, productName=山地自行车, productPrice=1499.00, quantity=1, imageUrl=https://tse4-mm.cn.bing.net/th/id/OIP-C.Q5XP9BnAtU1I3d79cbHptgHaGu?w=210&h=191&c=7&r=0&o=7&dpr=1.5&pid=1.7&rm=3, isReviewed=null, orderItemId=null)]), MerchantOrdersVO(id=99, orderNumber=532474574885879814, status=CANCELLED, paymentStatus=CANCELLED, orderedTime=2025-12-05T22:03:25, totalAmount=22.00, shippingAddressId=17, billingAddressId=null, shippedTime=null, deliveredTime=null, shipType=null, trackingNumber=null, custo...','0:0:0:0:0:0:0:1','2025-12-08 19:26:39',146,'2025-12-08 19:26:39','2025-12-08 19:26:39'),(113,'荒天',2,'订单管理','查询','查询商家订单','GET','http://localhost:8080/orders/merchant','1;5;','Result(code=1, msg=success, data=[MerchantOrdersVO(id=101, orderNumber=532476241333190664, status=CANCELLED, paymentStatus=CANCELLED, orderedTime=2025-12-05T22:09:47, totalAmount=1499.00, shippingAddressId=17, billingAddressId=null, shippedTime=null, deliveredTime=null, shipType=null, trackingNumber=null, customerNickName=zxy, customerImage=https://web-management-ai.oss-cn-beijing.aliyuncs.com/2025/11/0977c037-66df-44bd-a2b1-0a6879b99d1f.jpg, remark=订单已超时，自动取消, items=[UserOrdersVO.OrderProduct(productId=9, productName=山地自行车, productPrice=1499.00, quantity=1, imageUrl=https://tse4-mm.cn.bing.net/th/id/OIP-C.Q5XP9BnAtU1I3d79cbHptgHaGu?w=210&h=191&c=7&r=0&o=7&dpr=1.5&pid=1.7&rm=3, isReviewed=null, orderItemId=null)]), MerchantOrdersVO(id=99, orderNumber=532474574885879814, status=CANCELLED, paymentStatus=CANCELLED, orderedTime=2025-12-05T22:03:25, totalAmount=22.00, shippingAddressId=17, billingAddressId=null, shippedTime=null, deliveredTime=null, shipType=null, trackingNumber=null, custo...','0:0:0:0:0:0:0:1','2025-12-08 19:26:41',9,'2025-12-08 19:26:41','2025-12-08 19:26:41'),(114,'荒天',2,'商品管理','查询','获取商品列表','GET','http://localhost:8080/products','1;1;10;','Result(code=1, msg=success, data=PageResult(total=7, rows=Page{count=true, pageNum=1, pageSize=10, startRow=0, endRow=10, total=7, pages=1, reasonable=false, pageSizeZero=false}[ProductVO(id=10, name=米卡萨排球, description=耐久耐磨可以打一万场, price=349.99, stockQuantity=0, categoryId=46, sku=赛场专用球, imageUrl=https://p0.ssl.qhimgs1.com/sdr/400__/t015f94e1226fe6b93e.jpg, isActive=1, merchantId=2, merchantName=心雨文具, categoryName=球类运动, rating=4.00, ratingCount=1, merchantRating=null, merchantRatingCount=null), ProductVO(id=8, name=梅西头像, description=球王梅西, price=22.00, stockQuantity=95, categoryId=61, sku=梅西头像很帅气, imageUrl=https://web-management-ai.oss-cn-beijing.aliyuncs.com/2025/11/b718733f-50a3-488b-864f-c638bc84b6f7.jpg, isActive=1, merchantId=2, merchantName=心雨文具, categoryName=其它, rating=3.44, ratingCount=4, merchantRating=null, merchantRatingCount=null), ProductVO(id=3, name=小米14 Pro 5G手机, description=骁龙8 Gen3处理器，2K OLED屏幕, price=5299.00, stockQuantity=944, categoryId=2, sku=XM14P-12+256-BLACK, ima...','0:0:0:0:0:0:0:1','2025-12-08 19:26:47',12,'2025-12-08 19:26:47','2025-12-08 19:26:47'),(115,'荒天',2,'商品管理','查询','获取商品列表','GET','http://localhost:8080/products','1;1;10;','Result(code=1, msg=success, data=PageResult(total=7, rows=Page{count=true, pageNum=1, pageSize=10, startRow=0, endRow=10, total=7, pages=1, reasonable=false, pageSizeZero=false}[ProductVO(id=10, name=米卡萨排球, description=耐久耐磨可以打一万场, price=349.99, stockQuantity=0, categoryId=46, sku=赛场专用球, imageUrl=https://p0.ssl.qhimgs1.com/sdr/400__/t015f94e1226fe6b93e.jpg, isActive=1, merchantId=2, merchantName=心雨文具, categoryName=球类运动, rating=4.00, ratingCount=1, merchantRating=null, merchantRatingCount=null), ProductVO(id=8, name=梅西头像, description=球王梅西, price=22.00, stockQuantity=95, categoryId=61, sku=梅西头像很帅气, imageUrl=https://web-management-ai.oss-cn-beijing.aliyuncs.com/2025/11/b718733f-50a3-488b-864f-c638bc84b6f7.jpg, isActive=1, merchantId=2, merchantName=心雨文具, categoryName=其它, rating=3.44, ratingCount=4, merchantRating=null, merchantRatingCount=null), ProductVO(id=3, name=小米14 Pro 5G手机, description=骁龙8 Gen3处理器，2K OLED屏幕, price=5299.00, stockQuantity=944, categoryId=2, sku=XM14P-12+256-BLACK, ima...','0:0:0:0:0:0:0:1','2025-12-08 19:26:51',11,'2025-12-08 19:26:51','2025-12-08 19:26:51'),(116,'荒天',2,'订单管理','查询','查询商家订单','GET','http://localhost:8080/orders/merchant','1;5;','Result(code=1, msg=success, data=[MerchantOrdersVO(id=101, orderNumber=532476241333190664, status=CANCELLED, paymentStatus=CANCELLED, orderedTime=2025-12-05T22:09:47, totalAmount=1499.00, shippingAddressId=17, billingAddressId=null, shippedTime=null, deliveredTime=null, shipType=null, trackingNumber=null, customerNickName=zxy, customerImage=https://web-management-ai.oss-cn-beijing.aliyuncs.com/2025/11/0977c037-66df-44bd-a2b1-0a6879b99d1f.jpg, remark=订单已超时，自动取消, items=[UserOrdersVO.OrderProduct(productId=9, productName=山地自行车, productPrice=1499.00, quantity=1, imageUrl=https://tse4-mm.cn.bing.net/th/id/OIP-C.Q5XP9BnAtU1I3d79cbHptgHaGu?w=210&h=191&c=7&r=0&o=7&dpr=1.5&pid=1.7&rm=3, isReviewed=null, orderItemId=null)]), MerchantOrdersVO(id=99, orderNumber=532474574885879814, status=CANCELLED, paymentStatus=CANCELLED, orderedTime=2025-12-05T22:03:25, totalAmount=22.00, shippingAddressId=17, billingAddressId=null, shippedTime=null, deliveredTime=null, shipType=null, trackingNumber=null, custo...','0:0:0:0:0:0:0:1','2025-12-08 19:26:54',7,'2025-12-08 19:26:54','2025-12-08 19:26:54'),(117,'荒天',2,'订单管理','查询','查询商家订单','GET','http://localhost:8080/orders/merchant','1;5;','Result(code=1, msg=success, data=[MerchantOrdersVO(id=101, orderNumber=532476241333190664, status=CANCELLED, paymentStatus=CANCELLED, orderedTime=2025-12-05T22:09:47, totalAmount=1499.00, shippingAddressId=17, billingAddressId=null, shippedTime=null, deliveredTime=null, shipType=null, trackingNumber=null, customerNickName=zxy, customerImage=https://web-management-ai.oss-cn-beijing.aliyuncs.com/2025/11/0977c037-66df-44bd-a2b1-0a6879b99d1f.jpg, remark=订单已超时，自动取消, items=[UserOrdersVO.OrderProduct(productId=9, productName=山地自行车, productPrice=1499.00, quantity=1, imageUrl=https://tse4-mm.cn.bing.net/th/id/OIP-C.Q5XP9BnAtU1I3d79cbHptgHaGu?w=210&h=191&c=7&r=0&o=7&dpr=1.5&pid=1.7&rm=3, isReviewed=null, orderItemId=null)]), MerchantOrdersVO(id=99, orderNumber=532474574885879814, status=CANCELLED, paymentStatus=CANCELLED, orderedTime=2025-12-05T22:03:25, totalAmount=22.00, shippingAddressId=17, billingAddressId=null, shippedTime=null, deliveredTime=null, shipType=null, trackingNumber=null, custo...','0:0:0:0:0:0:0:1','2025-12-08 19:27:15',7,'2025-12-08 19:27:15','2025-12-08 19:27:15'),(118,'荒天',2,'订单管理','查询','查询商家订单','GET','http://localhost:8080/orders/merchant','1;5;','Result(code=1, msg=success, data=[MerchantOrdersVO(id=101, orderNumber=532476241333190664, status=CANCELLED, paymentStatus=CANCELLED, orderedTime=2025-12-05T22:09:47, totalAmount=1499.00, shippingAddressId=17, billingAddressId=null, shippedTime=null, deliveredTime=null, shipType=null, trackingNumber=null, customerNickName=zxy, customerImage=https://web-management-ai.oss-cn-beijing.aliyuncs.com/2025/11/0977c037-66df-44bd-a2b1-0a6879b99d1f.jpg, remark=订单已超时，自动取消, items=[UserOrdersVO.OrderProduct(productId=9, productName=山地自行车, productPrice=1499.00, quantity=1, imageUrl=https://tse4-mm.cn.bing.net/th/id/OIP-C.Q5XP9BnAtU1I3d79cbHptgHaGu?w=210&h=191&c=7&r=0&o=7&dpr=1.5&pid=1.7&rm=3, isReviewed=null, orderItemId=null)]), MerchantOrdersVO(id=99, orderNumber=532474574885879814, status=CANCELLED, paymentStatus=CANCELLED, orderedTime=2025-12-05T22:03:25, totalAmount=22.00, shippingAddressId=17, billingAddressId=null, shippedTime=null, deliveredTime=null, shipType=null, trackingNumber=null, custo...','0:0:0:0:0:0:0:1','2025-12-08 19:29:18',6,'2025-12-08 19:29:18','2025-12-08 19:29:18'),(119,'荒天',2,'商品评论管理','查询','查询商家评价','GET','http://localhost:8080/reviews/merchant',NULL,'Result(code=1, msg=success, data=[ProductReviewVO(id=9, userId=22, productId=8, orderId=100, orderItemId=127, content=2222222222222222, image=, rating=5.00, reviewTime=2025-12-05T21:57:13, merchantReply=感谢您的评价哦, merchantName=心雨文具, merchantLogoUrl=https://tse2-mm.cn.bing.net/th/id/OIP-C.AzBc_rZGTLwgopEzEKu-nwAAAA?w=189&h=190&c=7&r=0&o=7&dpr=1.5&pid=1.7&rm=3, replyTime=2025-12-05T21:58:04, createTime=2025-12-05T21:57:12, updateTime=2025-12-05T21:58:04, user=ProductReviewVO.UserSimpleInfo(id=22, nickName=zxy, avatarUrl=https://web-management-ai.oss-cn-beijing.aliyuncs.com/2025/11/0977c037-66df-44bd-a2b1-0a6879b99d1f.jpg), product=ProductReviewVO.ProductSimpleInfo(id=8, name=梅西头像, imageUrl=https://web-management-ai.oss-cn-beijing.aliyuncs.com/2025/11/b718733f-50a3-488b-864f-c638bc84b6f7.jpg)), ProductReviewVO(id=8, userId=2, productId=8, orderId=97, orderItemId=124, content=就会假摔的, image=https://web-management-ai.oss-cn-beijing.aliyuncs.com/2025/12/384de9a6-43a9-4d2a-9615-cc631e7fec9f.png, ...','0:0:0:0:0:0:0:1','2025-12-08 19:29:21',8,'2025-12-08 19:29:21','2025-12-08 19:29:21'),(120,'荒天',2,'订单管理','查询','查询商家订单','GET','http://localhost:8080/orders/merchant','1;5;','Result(code=1, msg=success, data=[MerchantOrdersVO(id=101, orderNumber=532476241333190664, status=CANCELLED, paymentStatus=CANCELLED, orderedTime=2025-12-05T22:09:47, totalAmount=1499.00, shippingAddressId=17, billingAddressId=null, shippedTime=null, deliveredTime=null, shipType=null, trackingNumber=null, customerNickName=zxy, customerImage=https://web-management-ai.oss-cn-beijing.aliyuncs.com/2025/11/0977c037-66df-44bd-a2b1-0a6879b99d1f.jpg, remark=订单已超时，自动取消, items=[UserOrdersVO.OrderProduct(productId=9, productName=山地自行车, productPrice=1499.00, quantity=1, imageUrl=https://tse4-mm.cn.bing.net/th/id/OIP-C.Q5XP9BnAtU1I3d79cbHptgHaGu?w=210&h=191&c=7&r=0&o=7&dpr=1.5&pid=1.7&rm=3, isReviewed=null, orderItemId=null)]), MerchantOrdersVO(id=99, orderNumber=532474574885879814, status=CANCELLED, paymentStatus=CANCELLED, orderedTime=2025-12-05T22:03:25, totalAmount=22.00, shippingAddressId=17, billingAddressId=null, shippedTime=null, deliveredTime=null, shipType=null, trackingNumber=null, custo...','0:0:0:0:0:0:0:1','2025-12-08 19:29:21',6,'2025-12-08 19:29:21','2025-12-08 19:29:21'),(121,'荒天',2,'订单管理','查询','查询商家订单','GET','http://localhost:8080/orders/merchant','1;5;','Result(code=1, msg=success, data=[MerchantOrdersVO(id=101, orderNumber=532476241333190664, status=CANCELLED, paymentStatus=CANCELLED, orderedTime=2025-12-05T22:09:47, totalAmount=1499.00, shippingAddressId=17, billingAddressId=null, shippedTime=null, deliveredTime=null, shipType=null, trackingNumber=null, customerNickName=zxy, customerImage=https://web-management-ai.oss-cn-beijing.aliyuncs.com/2025/11/0977c037-66df-44bd-a2b1-0a6879b99d1f.jpg, remark=订单已超时，自动取消, items=[UserOrdersVO.OrderProduct(productId=9, productName=山地自行车, productPrice=1499.00, quantity=1, imageUrl=https://tse4-mm.cn.bing.net/th/id/OIP-C.Q5XP9BnAtU1I3d79cbHptgHaGu?w=210&h=191&c=7&r=0&o=7&dpr=1.5&pid=1.7&rm=3, isReviewed=null, orderItemId=null)]), MerchantOrdersVO(id=99, orderNumber=532474574885879814, status=CANCELLED, paymentStatus=CANCELLED, orderedTime=2025-12-05T22:03:25, totalAmount=22.00, shippingAddressId=17, billingAddressId=null, shippedTime=null, deliveredTime=null, shipType=null, trackingNumber=null, custo...','0:0:0:0:0:0:0:1','2025-12-08 19:29:51',5,'2025-12-08 19:29:51','2025-12-08 19:29:51'),(122,'荒天',2,'商品评论管理','查询','查询商家评价','GET','http://localhost:8080/reviews/merchant',NULL,'Result(code=1, msg=success, data=[ProductReviewVO(id=9, userId=22, productId=8, orderId=100, orderItemId=127, content=2222222222222222, image=, rating=5.00, reviewTime=2025-12-05T21:57:13, merchantReply=感谢您的评价哦, merchantName=心雨文具, merchantLogoUrl=https://tse2-mm.cn.bing.net/th/id/OIP-C.AzBc_rZGTLwgopEzEKu-nwAAAA?w=189&h=190&c=7&r=0&o=7&dpr=1.5&pid=1.7&rm=3, replyTime=2025-12-05T21:58:04, createTime=2025-12-05T21:57:12, updateTime=2025-12-05T21:58:04, user=ProductReviewVO.UserSimpleInfo(id=22, nickName=zxy, avatarUrl=https://web-management-ai.oss-cn-beijing.aliyuncs.com/2025/11/0977c037-66df-44bd-a2b1-0a6879b99d1f.jpg), product=ProductReviewVO.ProductSimpleInfo(id=8, name=梅西头像, imageUrl=https://web-management-ai.oss-cn-beijing.aliyuncs.com/2025/11/b718733f-50a3-488b-864f-c638bc84b6f7.jpg)), ProductReviewVO(id=8, userId=2, productId=8, orderId=97, orderItemId=124, content=就会假摔的, image=https://web-management-ai.oss-cn-beijing.aliyuncs.com/2025/12/384de9a6-43a9-4d2a-9615-cc631e7fec9f.png, ...','0:0:0:0:0:0:0:1','2025-12-08 19:30:09',6,'2025-12-08 19:30:09','2025-12-08 19:30:09'),(123,'荒天',2,'订单管理','查询','查询商家订单','GET','http://localhost:8080/orders/merchant','1;5;','Result(code=1, msg=success, data=[MerchantOrdersVO(id=101, orderNumber=532476241333190664, status=CANCELLED, paymentStatus=CANCELLED, orderedTime=2025-12-05T22:09:47, totalAmount=1499.00, shippingAddressId=17, billingAddressId=null, shippedTime=null, deliveredTime=null, shipType=null, trackingNumber=null, customerNickName=zxy, customerImage=https://web-management-ai.oss-cn-beijing.aliyuncs.com/2025/11/0977c037-66df-44bd-a2b1-0a6879b99d1f.jpg, remark=订单已超时，自动取消, items=[UserOrdersVO.OrderProduct(productId=9, productName=山地自行车, productPrice=1499.00, quantity=1, imageUrl=https://tse4-mm.cn.bing.net/th/id/OIP-C.Q5XP9BnAtU1I3d79cbHptgHaGu?w=210&h=191&c=7&r=0&o=7&dpr=1.5&pid=1.7&rm=3, isReviewed=null, orderItemId=null)]), MerchantOrdersVO(id=99, orderNumber=532474574885879814, status=CANCELLED, paymentStatus=CANCELLED, orderedTime=2025-12-05T22:03:25, totalAmount=22.00, shippingAddressId=17, billingAddressId=null, shippedTime=null, deliveredTime=null, shipType=null, trackingNumber=null, custo...','0:0:0:0:0:0:0:1','2025-12-08 19:30:09',6,'2025-12-08 19:30:09','2025-12-08 19:30:09'),(124,'荒天',2,'订单管理','查询','查询商家订单','GET','http://localhost:8080/orders/merchant','1;5;','Result(code=1, msg=success, data=[MerchantOrdersVO(id=101, orderNumber=532476241333190664, status=CANCELLED, paymentStatus=CANCELLED, orderedTime=2025-12-05T22:09:47, totalAmount=1499.00, shippingAddressId=17, billingAddressId=null, shippedTime=null, deliveredTime=null, shipType=null, trackingNumber=null, customerNickName=zxy, customerImage=https://web-management-ai.oss-cn-beijing.aliyuncs.com/2025/11/0977c037-66df-44bd-a2b1-0a6879b99d1f.jpg, remark=订单已超时，自动取消, items=[UserOrdersVO.OrderProduct(productId=9, productName=山地自行车, productPrice=1499.00, quantity=1, imageUrl=https://tse4-mm.cn.bing.net/th/id/OIP-C.Q5XP9BnAtU1I3d79cbHptgHaGu?w=210&h=191&c=7&r=0&o=7&dpr=1.5&pid=1.7&rm=3, isReviewed=null, orderItemId=null)]), MerchantOrdersVO(id=99, orderNumber=532474574885879814, status=CANCELLED, paymentStatus=CANCELLED, orderedTime=2025-12-05T22:03:25, totalAmount=22.00, shippingAddressId=17, billingAddressId=null, shippedTime=null, deliveredTime=null, shipType=null, trackingNumber=null, custo...','0:0:0:0:0:0:0:1','2025-12-08 19:47:48',17,'2025-12-08 19:47:48','2025-12-08 19:47:48'),(125,'荒天',2,'订单管理','查询','查询商家订单','GET','http://localhost:8080/orders/merchant','1;5;','Result(code=1, msg=success, data=[MerchantOrdersVO(id=101, orderNumber=532476241333190664, status=CANCELLED, paymentStatus=CANCELLED, orderedTime=2025-12-05T22:09:47, totalAmount=1499.00, shippingAddressId=17, billingAddressId=null, shippedTime=null, deliveredTime=null, shipType=null, trackingNumber=null, customerNickName=zxy, customerImage=https://web-management-ai.oss-cn-beijing.aliyuncs.com/2025/11/0977c037-66df-44bd-a2b1-0a6879b99d1f.jpg, remark=订单已超时，自动取消, items=[UserOrdersVO.OrderProduct(productId=9, productName=山地自行车, productPrice=1499.00, quantity=1, imageUrl=https://tse4-mm.cn.bing.net/th/id/OIP-C.Q5XP9BnAtU1I3d79cbHptgHaGu?w=210&h=191&c=7&r=0&o=7&dpr=1.5&pid=1.7&rm=3, isReviewed=null, orderItemId=null)]), MerchantOrdersVO(id=99, orderNumber=532474574885879814, status=CANCELLED, paymentStatus=CANCELLED, orderedTime=2025-12-05T22:03:25, totalAmount=22.00, shippingAddressId=17, billingAddressId=null, shippedTime=null, deliveredTime=null, shipType=null, trackingNumber=null, custo...','0:0:0:0:0:0:0:1','2025-12-08 19:47:55',7,'2025-12-08 19:47:55','2025-12-08 19:47:55'),(126,'荒天',2,'订单管理','查询','查询商家订单','GET','http://localhost:8080/orders/merchant','1;5;','Result(code=1, msg=success, data=[MerchantOrdersVO(id=101, orderNumber=532476241333190664, status=CANCELLED, paymentStatus=CANCELLED, orderedTime=2025-12-05T22:09:47, totalAmount=1499.00, shippingAddressId=17, billingAddressId=null, shippedTime=null, deliveredTime=null, shipType=null, trackingNumber=null, customerNickName=zxy, customerImage=https://web-management-ai.oss-cn-beijing.aliyuncs.com/2025/11/0977c037-66df-44bd-a2b1-0a6879b99d1f.jpg, remark=订单已超时，自动取消, items=[UserOrdersVO.OrderProduct(productId=9, productName=山地自行车, productPrice=1499.00, quantity=1, imageUrl=https://tse4-mm.cn.bing.net/th/id/OIP-C.Q5XP9BnAtU1I3d79cbHptgHaGu?w=210&h=191&c=7&r=0&o=7&dpr=1.5&pid=1.7&rm=3, isReviewed=null, orderItemId=null)]), MerchantOrdersVO(id=99, orderNumber=532474574885879814, status=CANCELLED, paymentStatus=CANCELLED, orderedTime=2025-12-05T22:03:25, totalAmount=22.00, shippingAddressId=17, billingAddressId=null, shippedTime=null, deliveredTime=null, shipType=null, trackingNumber=null, custo...','0:0:0:0:0:0:0:1','2025-12-08 19:48:53',9,'2025-12-08 19:48:53','2025-12-08 19:48:53'),(127,'荒天',2,'订单管理','查询','查询商家订单','GET','http://localhost:8080/orders/merchant','1;10;','Result(code=1, msg=success, data=[MerchantOrdersVO(id=101, orderNumber=532476241333190664, status=CANCELLED, paymentStatus=CANCELLED, orderedTime=2025-12-05T22:09:47, totalAmount=1499.00, shippingAddressId=17, billingAddressId=null, shippedTime=null, deliveredTime=null, shipType=null, trackingNumber=null, customerNickName=zxy, customerImage=https://web-management-ai.oss-cn-beijing.aliyuncs.com/2025/11/0977c037-66df-44bd-a2b1-0a6879b99d1f.jpg, remark=订单已超时，自动取消, items=[UserOrdersVO.OrderProduct(productId=9, productName=山地自行车, productPrice=1499.00, quantity=1, imageUrl=https://tse4-mm.cn.bing.net/th/id/OIP-C.Q5XP9BnAtU1I3d79cbHptgHaGu?w=210&h=191&c=7&r=0&o=7&dpr=1.5&pid=1.7&rm=3, isReviewed=null, orderItemId=null)]), MerchantOrdersVO(id=99, orderNumber=532474574885879814, status=CANCELLED, paymentStatus=CANCELLED, orderedTime=2025-12-05T22:03:25, totalAmount=22.00, shippingAddressId=17, billingAddressId=null, shippedTime=null, deliveredTime=null, shipType=null, trackingNumber=null, custo...','0:0:0:0:0:0:0:1','2025-12-08 19:59:10',19,'2025-12-08 19:59:10','2025-12-08 19:59:10'),(128,'荒天',2,'订单管理','查询','查询商家订单','GET','http://localhost:8080/orders/merchant','1;5;','Result(code=1, msg=success, data=[MerchantOrdersVO(id=101, orderNumber=532476241333190664, status=CANCELLED, paymentStatus=CANCELLED, orderedTime=2025-12-05T22:09:47, totalAmount=1499.00, shippingAddressId=17, billingAddressId=null, shippedTime=null, deliveredTime=null, shipType=null, trackingNumber=null, customerNickName=zxy, customerImage=https://web-management-ai.oss-cn-beijing.aliyuncs.com/2025/11/0977c037-66df-44bd-a2b1-0a6879b99d1f.jpg, remark=订单已超时，自动取消, items=[UserOrdersVO.OrderProduct(productId=9, productName=山地自行车, productPrice=1499.00, quantity=1, imageUrl=https://tse4-mm.cn.bing.net/th/id/OIP-C.Q5XP9BnAtU1I3d79cbHptgHaGu?w=210&h=191&c=7&r=0&o=7&dpr=1.5&pid=1.7&rm=3, isReviewed=null, orderItemId=null)]), MerchantOrdersVO(id=99, orderNumber=532474574885879814, status=CANCELLED, paymentStatus=CANCELLED, orderedTime=2025-12-05T22:03:25, totalAmount=22.00, shippingAddressId=17, billingAddressId=null, shippedTime=null, deliveredTime=null, shipType=null, trackingNumber=null, custo...','0:0:0:0:0:0:0:1','2025-12-08 19:59:28',11,'2025-12-08 19:59:28','2025-12-08 19:59:28'),(129,'荒天',2,'订单管理','查询','查询商家订单','GET','http://localhost:8080/orders/merchant','1;5;','Result(code=1, msg=success, data=[MerchantOrdersVO(id=101, orderNumber=532476241333190664, status=CANCELLED, paymentStatus=CANCELLED, orderedTime=2025-12-05T22:09:47, totalAmount=1499.00, shippingAddressId=17, billingAddressId=null, shippedTime=null, deliveredTime=null, shipType=null, trackingNumber=null, customerNickName=zxy, customerImage=https://web-management-ai.oss-cn-beijing.aliyuncs.com/2025/11/0977c037-66df-44bd-a2b1-0a6879b99d1f.jpg, remark=订单已超时，自动取消, items=[UserOrdersVO.OrderProduct(productId=9, productName=山地自行车, productPrice=1499.00, quantity=1, imageUrl=https://tse4-mm.cn.bing.net/th/id/OIP-C.Q5XP9BnAtU1I3d79cbHptgHaGu?w=210&h=191&c=7&r=0&o=7&dpr=1.5&pid=1.7&rm=3, isReviewed=null, orderItemId=null)]), MerchantOrdersVO(id=99, orderNumber=532474574885879814, status=CANCELLED, paymentStatus=CANCELLED, orderedTime=2025-12-05T22:03:25, totalAmount=22.00, shippingAddressId=17, billingAddressId=null, shippedTime=null, deliveredTime=null, shipType=null, trackingNumber=null, custo...','0:0:0:0:0:0:0:1','2025-12-08 19:59:43',8,'2025-12-08 19:59:43','2025-12-08 19:59:43'),(130,'荒天',2,'订单管理','查询','查询商家订单','GET','http://localhost:8080/orders/merchant','1;5;','Result(code=1, msg=success, data=[MerchantOrdersVO(id=101, orderNumber=532476241333190664, status=CANCELLED, paymentStatus=CANCELLED, orderedTime=2025-12-05T22:09:47, totalAmount=1499.00, shippingAddressId=17, billingAddressId=null, shippedTime=null, deliveredTime=null, shipType=null, trackingNumber=null, customerNickName=zxy, customerImage=https://web-management-ai.oss-cn-beijing.aliyuncs.com/2025/11/0977c037-66df-44bd-a2b1-0a6879b99d1f.jpg, remark=订单已超时，自动取消, items=[UserOrdersVO.OrderProduct(productId=9, productName=山地自行车, productPrice=1499.00, quantity=1, imageUrl=https://tse4-mm.cn.bing.net/th/id/OIP-C.Q5XP9BnAtU1I3d79cbHptgHaGu?w=210&h=191&c=7&r=0&o=7&dpr=1.5&pid=1.7&rm=3, isReviewed=null, orderItemId=null)]), MerchantOrdersVO(id=99, orderNumber=532474574885879814, status=CANCELLED, paymentStatus=CANCELLED, orderedTime=2025-12-05T22:03:25, totalAmount=22.00, shippingAddressId=17, billingAddressId=null, shippedTime=null, deliveredTime=null, shipType=null, trackingNumber=null, custo...','0:0:0:0:0:0:0:1','2025-12-08 19:59:48',4,'2025-12-08 19:59:48','2025-12-08 19:59:48'),(131,'荒天',2,'订单管理','查询','查询商家订单','GET','http://localhost:8080/orders/merchant','1;5;','Result(code=1, msg=success, data=[MerchantOrdersVO(id=101, orderNumber=532476241333190664, status=CANCELLED, paymentStatus=CANCELLED, orderedTime=2025-12-05T22:09:47, totalAmount=1499.00, shippingAddressId=17, billingAddressId=null, shippedTime=null, deliveredTime=null, shipType=null, trackingNumber=null, customerNickName=zxy, customerImage=https://web-management-ai.oss-cn-beijing.aliyuncs.com/2025/11/0977c037-66df-44bd-a2b1-0a6879b99d1f.jpg, remark=订单已超时，自动取消, items=[UserOrdersVO.OrderProduct(productId=9, productName=山地自行车, productPrice=1499.00, quantity=1, imageUrl=https://tse4-mm.cn.bing.net/th/id/OIP-C.Q5XP9BnAtU1I3d79cbHptgHaGu?w=210&h=191&c=7&r=0&o=7&dpr=1.5&pid=1.7&rm=3, isReviewed=null, orderItemId=null)]), MerchantOrdersVO(id=99, orderNumber=532474574885879814, status=CANCELLED, paymentStatus=CANCELLED, orderedTime=2025-12-05T22:03:25, totalAmount=22.00, shippingAddressId=17, billingAddressId=null, shippedTime=null, deliveredTime=null, shipType=null, trackingNumber=null, custo...','0:0:0:0:0:0:0:1','2025-12-08 19:59:53',9,'2025-12-08 19:59:53','2025-12-08 19:59:53'),(133,'荒天',2,'订单管理','查询','查询商家订单','GET','http://localhost:8080/orders/merchant','','Result(code=1, msg=success, data=[MerchantOrdersVO(id=101, orderNumber=532476241333190664, status=CANCELLED, paymentStatus=CANCELLED, orderedTime=2025-12-05T22:09:47, totalAmount=1499.00, shippingAddressId=17, billingAddressId=null, shippedTime=null, deliveredTime=null, shipType=null, trackingNumber=null, customerNickName=zxy, customerImage=https://web-management-ai.oss-cn-beijing.aliyuncs.com/2025/11/0977c037-66df-44bd-a2b1-0a6879b99d1f.jpg, remark=订单已超时，自动取消, items=[UserOrdersVO.OrderProduct(productId=9, productName=山地自行车, productPrice=1499.00, quantity=1, imageUrl=https://tse4-mm.cn.bing.net/th/id/OIP-C.Q5XP9BnAtU1I3d79cbHptgHaGu?w=210&h=191&c=7&r=0&o=7&dpr=1.5&pid=1.7&rm=3, isReviewed=null, orderItemId=null)]), MerchantOrdersVO(id=99, orderNumber=532474574885879814, status=CANCELLED, paymentStatus=CANCELLED, orderedTime=2025-12-05T22:03:25, totalAmount=22.00, shippingAddressId=17, billingAddressId=null, shippedTime=null, deliveredTime=null, shipType=null, trackingNumber=null, custo...','0:0:0:0:0:0:0:1','2025-12-08 20:02:49',176,'2025-12-08 20:02:49','2025-12-08 20:02:49'),(134,'荒天',2,'订单管理','查询','查询商家订单','GET','http://localhost:8080/orders/merchant','','Result(code=1, msg=success, data=[MerchantOrdersVO(id=101, orderNumber=532476241333190664, status=CANCELLED, paymentStatus=CANCELLED, orderedTime=2025-12-05T22:09:47, totalAmount=1499.00, shippingAddressId=17, billingAddressId=null, shippedTime=null, deliveredTime=null, shipType=null, trackingNumber=null, customerNickName=zxy, customerImage=https://web-management-ai.oss-cn-beijing.aliyuncs.com/2025/11/0977c037-66df-44bd-a2b1-0a6879b99d1f.jpg, remark=订单已超时，自动取消, items=[UserOrdersVO.OrderProduct(productId=9, productName=山地自行车, productPrice=1499.00, quantity=1, imageUrl=https://tse4-mm.cn.bing.net/th/id/OIP-C.Q5XP9BnAtU1I3d79cbHptgHaGu?w=210&h=191&c=7&r=0&o=7&dpr=1.5&pid=1.7&rm=3, isReviewed=null, orderItemId=null)]), MerchantOrdersVO(id=99, orderNumber=532474574885879814, status=CANCELLED, paymentStatus=CANCELLED, orderedTime=2025-12-05T22:03:25, totalAmount=22.00, shippingAddressId=17, billingAddressId=null, shippedTime=null, deliveredTime=null, shipType=null, trackingNumber=null, custo...','0:0:0:0:0:0:0:1','2025-12-08 20:02:56',34,'2025-12-08 20:02:56','2025-12-08 20:02:56'),(135,'荒天',2,'订单管理','查询','查询商家订单','GET','http://localhost:8080/orders/merchant','','Result(code=1, msg=success, data=[MerchantOrdersVO(id=101, orderNumber=532476241333190664, status=CANCELLED, paymentStatus=CANCELLED, orderedTime=2025-12-05T22:09:47, totalAmount=1499.00, shippingAddressId=17, billingAddressId=null, shippedTime=null, deliveredTime=null, shipType=null, trackingNumber=null, customerNickName=zxy, customerImage=https://web-management-ai.oss-cn-beijing.aliyuncs.com/2025/11/0977c037-66df-44bd-a2b1-0a6879b99d1f.jpg, remark=订单已超时，自动取消, items=[UserOrdersVO.OrderProduct(productId=9, productName=山地自行车, productPrice=1499.00, quantity=1, imageUrl=https://tse4-mm.cn.bing.net/th/id/OIP-C.Q5XP9BnAtU1I3d79cbHptgHaGu?w=210&h=191&c=7&r=0&o=7&dpr=1.5&pid=1.7&rm=3, isReviewed=null, orderItemId=null)]), MerchantOrdersVO(id=99, orderNumber=532474574885879814, status=CANCELLED, paymentStatus=CANCELLED, orderedTime=2025-12-05T22:03:25, totalAmount=22.00, shippingAddressId=17, billingAddressId=null, shippedTime=null, deliveredTime=null, shipType=null, trackingNumber=null, custo...','0:0:0:0:0:0:0:1','2025-12-08 20:02:57',28,'2025-12-08 20:02:57','2025-12-08 20:02:57'),(136,'荒天',2,'订单管理','查询','查询商家订单','GET','http://localhost:8080/orders/merchant','','Result(code=1, msg=success, data=[MerchantOrdersVO(id=101, orderNumber=532476241333190664, status=CANCELLED, paymentStatus=CANCELLED, orderedTime=2025-12-05T22:09:47, totalAmount=1499.00, shippingAddressId=17, billingAddressId=null, shippedTime=null, deliveredTime=null, shipType=null, trackingNumber=null, customerNickName=zxy, customerImage=https://web-management-ai.oss-cn-beijing.aliyuncs.com/2025/11/0977c037-66df-44bd-a2b1-0a6879b99d1f.jpg, remark=订单已超时，自动取消, items=[UserOrdersVO.OrderProduct(productId=9, productName=山地自行车, productPrice=1499.00, quantity=1, imageUrl=https://tse4-mm.cn.bing.net/th/id/OIP-C.Q5XP9BnAtU1I3d79cbHptgHaGu?w=210&h=191&c=7&r=0&o=7&dpr=1.5&pid=1.7&rm=3, isReviewed=null, orderItemId=null)]), MerchantOrdersVO(id=99, orderNumber=532474574885879814, status=CANCELLED, paymentStatus=CANCELLED, orderedTime=2025-12-05T22:03:25, totalAmount=22.00, shippingAddressId=17, billingAddressId=null, shippedTime=null, deliveredTime=null, shipType=null, trackingNumber=null, custo...','0:0:0:0:0:0:0:1','2025-12-08 20:04:04',22,'2025-12-08 20:04:04','2025-12-08 20:04:04'),(137,'荒天',2,'订单管理','查询','查询商家订单','GET','http://localhost:8080/orders/merchant','','Result(code=1, msg=success, data=[MerchantOrdersVO(id=101, orderNumber=532476241333190664, status=CANCELLED, paymentStatus=CANCELLED, orderedTime=2025-12-05T22:09:47, totalAmount=1499.00, shippingAddressId=17, billingAddressId=null, shippedTime=null, deliveredTime=null, shipType=null, trackingNumber=null, customerNickName=zxy, customerImage=https://web-management-ai.oss-cn-beijing.aliyuncs.com/2025/11/0977c037-66df-44bd-a2b1-0a6879b99d1f.jpg, remark=订单已超时，自动取消, items=[UserOrdersVO.OrderProduct(productId=9, productName=山地自行车, productPrice=1499.00, quantity=1, imageUrl=https://tse4-mm.cn.bing.net/th/id/OIP-C.Q5XP9BnAtU1I3d79cbHptgHaGu?w=210&h=191&c=7&r=0&o=7&dpr=1.5&pid=1.7&rm=3, isReviewed=null, orderItemId=null)]), MerchantOrdersVO(id=99, orderNumber=532474574885879814, status=CANCELLED, paymentStatus=CANCELLED, orderedTime=2025-12-05T22:03:25, totalAmount=22.00, shippingAddressId=17, billingAddressId=null, shippedTime=null, deliveredTime=null, shipType=null, trackingNumber=null, custo...','0:0:0:0:0:0:0:1','2025-12-08 20:04:04',17,'2025-12-08 20:04:04','2025-12-08 20:04:04'),(138,'荒天',2,'订单管理','查询','查询商家订单','GET','http://localhost:8080/orders/merchant','','Result(code=1, msg=success, data=[MerchantOrdersVO(id=101, orderNumber=532476241333190664, status=CANCELLED, paymentStatus=CANCELLED, orderedTime=2025-12-05T22:09:47, totalAmount=1499.00, shippingAddressId=17, billingAddressId=null, shippedTime=null, deliveredTime=null, shipType=null, trackingNumber=null, customerNickName=zxy, customerImage=https://web-management-ai.oss-cn-beijing.aliyuncs.com/2025/11/0977c037-66df-44bd-a2b1-0a6879b99d1f.jpg, remark=订单已超时，自动取消, items=[UserOrdersVO.OrderProduct(productId=9, productName=山地自行车, productPrice=1499.00, quantity=1, imageUrl=https://tse4-mm.cn.bing.net/th/id/OIP-C.Q5XP9BnAtU1I3d79cbHptgHaGu?w=210&h=191&c=7&r=0&o=7&dpr=1.5&pid=1.7&rm=3, isReviewed=null, orderItemId=null)]), MerchantOrdersVO(id=99, orderNumber=532474574885879814, status=CANCELLED, paymentStatus=CANCELLED, orderedTime=2025-12-05T22:03:25, totalAmount=22.00, shippingAddressId=17, billingAddressId=null, shippedTime=null, deliveredTime=null, shipType=null, trackingNumber=null, custo...','0:0:0:0:0:0:0:1','2025-12-08 20:04:05',16,'2025-12-08 20:04:05','2025-12-08 20:04:05'),(139,'荒天',2,'订单管理','查询','查询商家订单','GET','http://localhost:8080/orders/merchant','','Result(code=1, msg=success, data=[MerchantOrdersVO(id=101, orderNumber=532476241333190664, status=CANCELLED, paymentStatus=CANCELLED, orderedTime=2025-12-05T22:09:47, totalAmount=1499.00, shippingAddressId=17, billingAddressId=null, shippedTime=null, deliveredTime=null, shipType=null, trackingNumber=null, customerNickName=zxy, customerImage=https://web-management-ai.oss-cn-beijing.aliyuncs.com/2025/11/0977c037-66df-44bd-a2b1-0a6879b99d1f.jpg, remark=订单已超时，自动取消, items=[UserOrdersVO.OrderProduct(productId=9, productName=山地自行车, productPrice=1499.00, quantity=1, imageUrl=https://tse4-mm.cn.bing.net/th/id/OIP-C.Q5XP9BnAtU1I3d79cbHptgHaGu?w=210&h=191&c=7&r=0&o=7&dpr=1.5&pid=1.7&rm=3, isReviewed=null, orderItemId=null)]), MerchantOrdersVO(id=99, orderNumber=532474574885879814, status=CANCELLED, paymentStatus=CANCELLED, orderedTime=2025-12-05T22:03:25, totalAmount=22.00, shippingAddressId=17, billingAddressId=null, shippedTime=null, deliveredTime=null, shipType=null, trackingNumber=null, custo...','0:0:0:0:0:0:0:1','2025-12-08 20:04:06',19,'2025-12-08 20:04:06','2025-12-08 20:04:06'),(140,'荒天',2,'商品管理','修改','更新商品库存','POST','http://localhost:8080/orders/approve','InventoryDTO(productId=10, changeQuantity=1, reason=顾客退货, changeType=IN, referenceId=34);','Result(code=1, msg=success, data=true)','0:0:0:0:0:0:0:1','2025-12-08 20:04:16',152,'2025-12-08 20:04:16','2025-12-08 20:04:16'),(141,'荒天',2,'订单管理','修改','处理退货','POST','http://localhost:8080/orders/approve','ApproveReturnDTO(orderId=34, userId=2, merchantId=2, auditId=33, auditReason=);','Result(code=1, msg=success, data=null)','0:0:0:0:0:0:0:1','2025-12-08 20:04:16',207,'2025-12-08 20:04:16','2025-12-08 20:04:16'),(142,'荒天',2,'订单管理','查询','查询商家订单','GET','http://localhost:8080/orders/merchant','','Result(code=1, msg=success, data=[MerchantOrdersVO(id=101, orderNumber=532476241333190664, status=CANCELLED, paymentStatus=CANCELLED, orderedTime=2025-12-05T22:09:47, totalAmount=1499.00, shippingAddressId=17, billingAddressId=null, shippedTime=null, deliveredTime=null, shipType=null, trackingNumber=null, customerNickName=zxy, customerImage=https://web-management-ai.oss-cn-beijing.aliyuncs.com/2025/11/0977c037-66df-44bd-a2b1-0a6879b99d1f.jpg, remark=订单已超时，自动取消, items=[UserOrdersVO.OrderProduct(productId=9, productName=山地自行车, productPrice=1499.00, quantity=1, imageUrl=https://tse4-mm.cn.bing.net/th/id/OIP-C.Q5XP9BnAtU1I3d79cbHptgHaGu?w=210&h=191&c=7&r=0&o=7&dpr=1.5&pid=1.7&rm=3, isReviewed=null, orderItemId=null)]), MerchantOrdersVO(id=99, orderNumber=532474574885879814, status=CANCELLED, paymentStatus=CANCELLED, orderedTime=2025-12-05T22:03:25, totalAmount=22.00, shippingAddressId=17, billingAddressId=null, shippedTime=null, deliveredTime=null, shipType=null, trackingNumber=null, custo...','0:0:0:0:0:0:0:1','2025-12-08 20:04:20',16,'2025-12-08 20:04:20','2025-12-08 20:04:20'),(143,'荒天',2,'订单管理','查询','查询商家订单','GET','http://localhost:8080/orders/merchant','','Result(code=1, msg=success, data=[MerchantOrdersVO(id=101, orderNumber=532476241333190664, status=CANCELLED, paymentStatus=CANCELLED, orderedTime=2025-12-05T22:09:47, totalAmount=1499.00, shippingAddressId=17, billingAddressId=null, shippedTime=null, deliveredTime=null, shipType=null, trackingNumber=null, customerNickName=zxy, customerImage=https://web-management-ai.oss-cn-beijing.aliyuncs.com/2025/11/0977c037-66df-44bd-a2b1-0a6879b99d1f.jpg, remark=订单已超时，自动取消, items=[UserOrdersVO.OrderProduct(productId=9, productName=山地自行车, productPrice=1499.00, quantity=1, imageUrl=https://tse4-mm.cn.bing.net/th/id/OIP-C.Q5XP9BnAtU1I3d79cbHptgHaGu?w=210&h=191&c=7&r=0&o=7&dpr=1.5&pid=1.7&rm=3, isReviewed=null, orderItemId=null)]), MerchantOrdersVO(id=99, orderNumber=532474574885879814, status=CANCELLED, paymentStatus=CANCELLED, orderedTime=2025-12-05T22:03:25, totalAmount=22.00, shippingAddressId=17, billingAddressId=null, shippedTime=null, deliveredTime=null, shipType=null, trackingNumber=null, custo...','0:0:0:0:0:0:0:1','2025-12-08 20:04:20',15,'2025-12-08 20:04:20','2025-12-08 20:04:20'),(144,'荒天',2,'订单管理','查询','查询商家订单','GET','http://localhost:8080/orders/merchant','','Result(code=1, msg=success, data=[MerchantOrdersVO(id=101, orderNumber=532476241333190664, status=CANCELLED, paymentStatus=CANCELLED, orderedTime=2025-12-05T22:09:47, totalAmount=1499.00, shippingAddressId=17, billingAddressId=null, shippedTime=null, deliveredTime=null, shipType=null, trackingNumber=null, customerNickName=zxy, customerImage=https://web-management-ai.oss-cn-beijing.aliyuncs.com/2025/11/0977c037-66df-44bd-a2b1-0a6879b99d1f.jpg, remark=订单已超时，自动取消, items=[UserOrdersVO.OrderProduct(productId=9, productName=山地自行车, productPrice=1499.00, quantity=1, imageUrl=https://tse4-mm.cn.bing.net/th/id/OIP-C.Q5XP9BnAtU1I3d79cbHptgHaGu?w=210&h=191&c=7&r=0&o=7&dpr=1.5&pid=1.7&rm=3, isReviewed=null, orderItemId=null)]), MerchantOrdersVO(id=99, orderNumber=532474574885879814, status=CANCELLED, paymentStatus=CANCELLED, orderedTime=2025-12-05T22:03:25, totalAmount=22.00, shippingAddressId=17, billingAddressId=null, shippedTime=null, deliveredTime=null, shipType=null, trackingNumber=null, custo...','0:0:0:0:0:0:0:1','2025-12-08 20:04:27',13,'2025-12-08 20:04:27','2025-12-08 20:04:27'),(145,'荒天',2,'订单管理','查询','查询商家订单','GET','http://localhost:8080/orders/merchant','','Result(code=1, msg=success, data=[MerchantOrdersVO(id=101, orderNumber=532476241333190664, status=CANCELLED, paymentStatus=CANCELLED, orderedTime=2025-12-05T22:09:47, totalAmount=1499.00, shippingAddressId=17, billingAddressId=null, shippedTime=null, deliveredTime=null, shipType=null, trackingNumber=null, customerNickName=zxy, customerImage=https://web-management-ai.oss-cn-beijing.aliyuncs.com/2025/11/0977c037-66df-44bd-a2b1-0a6879b99d1f.jpg, remark=订单已超时，自动取消, items=[UserOrdersVO.OrderProduct(productId=9, productName=山地自行车, productPrice=1499.00, quantity=1, imageUrl=https://tse4-mm.cn.bing.net/th/id/OIP-C.Q5XP9BnAtU1I3d79cbHptgHaGu?w=210&h=191&c=7&r=0&o=7&dpr=1.5&pid=1.7&rm=3, isReviewed=null, orderItemId=null)]), MerchantOrdersVO(id=99, orderNumber=532474574885879814, status=CANCELLED, paymentStatus=CANCELLED, orderedTime=2025-12-05T22:03:25, totalAmount=22.00, shippingAddressId=17, billingAddressId=null, shippedTime=null, deliveredTime=null, shipType=null, trackingNumber=null, custo...','0:0:0:0:0:0:0:1','2025-12-08 20:04:27',15,'2025-12-08 20:04:27','2025-12-08 20:04:27'),(146,'荒天',2,'订单管理','查询','查询商家订单','GET','http://localhost:8080/orders/merchant','','Result(code=1, msg=success, data=[MerchantOrdersVO(id=101, orderNumber=532476241333190664, status=CANCELLED, paymentStatus=CANCELLED, orderedTime=2025-12-05T22:09:47, totalAmount=1499.00, shippingAddressId=17, billingAddressId=null, shippedTime=null, deliveredTime=null, shipType=null, trackingNumber=null, customerNickName=zxy, customerImage=https://web-management-ai.oss-cn-beijing.aliyuncs.com/2025/11/0977c037-66df-44bd-a2b1-0a6879b99d1f.jpg, remark=订单已超时，自动取消, items=[UserOrdersVO.OrderProduct(productId=9, productName=山地自行车, productPrice=1499.00, quantity=1, imageUrl=https://tse4-mm.cn.bing.net/th/id/OIP-C.Q5XP9BnAtU1I3d79cbHptgHaGu?w=210&h=191&c=7&r=0&o=7&dpr=1.5&pid=1.7&rm=3, isReviewed=null, orderItemId=null)]), MerchantOrdersVO(id=99, orderNumber=532474574885879814, status=CANCELLED, paymentStatus=CANCELLED, orderedTime=2025-12-05T22:03:25, totalAmount=22.00, shippingAddressId=17, billingAddressId=null, shippedTime=null, deliveredTime=null, shipType=null, trackingNumber=null, custo...','0:0:0:0:0:0:0:1','2025-12-08 20:04:28',15,'2025-12-08 20:04:28','2025-12-08 20:04:28'),(147,'荒天',2,'订单管理','查询','查询商家订单','GET','http://localhost:8080/orders/merchant','','Result(code=1, msg=success, data=[MerchantOrdersVO(id=101, orderNumber=532476241333190664, status=CANCELLED, paymentStatus=CANCELLED, orderedTime=2025-12-05T22:09:47, totalAmount=1499.00, shippingAddressId=17, billingAddressId=null, shippedTime=null, deliveredTime=null, shipType=null, trackingNumber=null, customerNickName=zxy, customerImage=https://web-management-ai.oss-cn-beijing.aliyuncs.com/2025/11/0977c037-66df-44bd-a2b1-0a6879b99d1f.jpg, remark=订单已超时，自动取消, items=[UserOrdersVO.OrderProduct(productId=9, productName=山地自行车, productPrice=1499.00, quantity=1, imageUrl=https://tse4-mm.cn.bing.net/th/id/OIP-C.Q5XP9BnAtU1I3d79cbHptgHaGu?w=210&h=191&c=7&r=0&o=7&dpr=1.5&pid=1.7&rm=3, isReviewed=null, orderItemId=null)]), MerchantOrdersVO(id=99, orderNumber=532474574885879814, status=CANCELLED, paymentStatus=CANCELLED, orderedTime=2025-12-05T22:03:25, totalAmount=22.00, shippingAddressId=17, billingAddressId=null, shippedTime=null, deliveredTime=null, shipType=null, trackingNumber=null, custo...','0:0:0:0:0:0:0:1','2025-12-08 20:04:36',13,'2025-12-08 20:04:36','2025-12-08 20:04:36'),(148,'荒天',2,'订单管理','查询','查询商家订单','GET','http://localhost:8080/orders/merchant','','Result(code=1, msg=success, data=[MerchantOrdersVO(id=101, orderNumber=532476241333190664, status=CANCELLED, paymentStatus=CANCELLED, orderedTime=2025-12-05T22:09:47, totalAmount=1499.00, shippingAddressId=17, billingAddressId=null, shippedTime=null, deliveredTime=null, shipType=null, trackingNumber=null, customerNickName=zxy, customerImage=https://web-management-ai.oss-cn-beijing.aliyuncs.com/2025/11/0977c037-66df-44bd-a2b1-0a6879b99d1f.jpg, remark=订单已超时，自动取消, items=[UserOrdersVO.OrderProduct(productId=9, productName=山地自行车, productPrice=1499.00, quantity=1, imageUrl=https://tse4-mm.cn.bing.net/th/id/OIP-C.Q5XP9BnAtU1I3d79cbHptgHaGu?w=210&h=191&c=7&r=0&o=7&dpr=1.5&pid=1.7&rm=3, isReviewed=null, orderItemId=null)]), MerchantOrdersVO(id=99, orderNumber=532474574885879814, status=CANCELLED, paymentStatus=CANCELLED, orderedTime=2025-12-05T22:03:25, totalAmount=22.00, shippingAddressId=17, billingAddressId=null, shippedTime=null, deliveredTime=null, shipType=null, trackingNumber=null, custo...','0:0:0:0:0:0:0:1','2025-12-08 20:05:21',11,'2025-12-08 20:05:21','2025-12-08 20:05:21'),(149,'荒天',2,'订单管理','查询','查询商家订单','GET','http://localhost:8080/orders/merchant','paid;','Result(code=1, msg=success, data=[MerchantOrdersVO(id=102, orderNumber=532476357297307657, status=PAID, paymentStatus=PAID, orderedTime=2025-12-05T22:00:16, totalAmount=3004.00, shippingAddressId=17, billingAddressId=null, shippedTime=null, deliveredTime=null, shipType=null, trackingNumber=null, customerNickName=zxy, customerImage=https://web-management-ai.oss-cn-beijing.aliyuncs.com/2025/11/0977c037-66df-44bd-a2b1-0a6879b99d1f.jpg, remark=没有备注, items=[UserOrdersVO.OrderProduct(productId=5, productName=晨光橡皮擦666, productPrice=6.00, quantity=1, imageUrl=https://t14.baidu.com/it/u=4174676134,3989774090&fm=224&app=112&f=JPEG?w=500&h=500, isReviewed=null, orderItemId=null), UserOrdersVO.OrderProduct(productId=9, productName=山地自行车, productPrice=1499.00, quantity=2, imageUrl=https://tse4-mm.cn.bing.net/th/id/OIP-C.Q5XP9BnAtU1I3d79cbHptgHaGu?w=210&h=191&c=7&r=0&o=7&dpr=1.5&pid=1.7&rm=3, isReviewed=null, orderItemId=null)]), MerchantOrdersVO(id=95, orderNumber=532417335856726018, status=PAID, p...','0:0:0:0:0:0:0:1','2025-12-08 20:05:22',4,'2025-12-08 20:05:22','2025-12-08 20:05:22'),(150,'荒天',2,'订单管理','查询','查询商家订单','GET','http://localhost:8080/orders/merchant','shipped;','Result(code=1, msg=success, data=[MerchantOrdersVO(id=96, orderNumber=532461844602814467, status=SHIPPED, paymentStatus=PAID, orderedTime=2025-12-05T21:07:14, totalAmount=22.00, shippingAddressId=12, billingAddressId=13, shippedTime=2025-12-05T21:07:14, deliveredTime=null, shipType=YT, trackingNumber=YT_744556600781, customerNickName=荒天, customerImage=https://img13.360buyimg.com/n5/s114x114_jfs/t1/362508/23/660/102375/690f1621F0f336495/326bc61f3c434699.jpg.avif, remark=没有备注, items=[UserOrdersVO.OrderProduct(productId=8, productName=梅西头像, productPrice=22.00, quantity=1, imageUrl=https://web-management-ai.oss-cn-beijing.aliyuncs.com/2025/11/b718733f-50a3-488b-864f-c638bc84b6f7.jpg, isReviewed=null, orderItemId=null)]), MerchantOrdersVO(id=76, orderNumber=530593177346768897, status=SHIPPED, paymentStatus=PAID, orderedTime=2025-11-30T20:13:51, totalAmount=24.00, shippingAddressId=18, billingAddressId=12, shippedTime=2025-11-30T20:13:51, deliveredTime=null, shipType=SF, trackingNumber=SF_57...','0:0:0:0:0:0:0:1','2025-12-08 20:05:23',4,'2025-12-08 20:05:23','2025-12-08 20:05:23'),(151,'荒天',2,'订单管理','查询','查询商家订单','GET','http://localhost:8080/orders/merchant','delivered;','Result(code=1, msg=success, data=[MerchantOrdersVO(id=98, orderNumber=532465662828740613, status=DELIVERED, paymentStatus=PAID, orderedTime=2025-12-05T21:19:58, totalAmount=22.00, shippingAddressId=13, billingAddressId=12, shippedTime=2025-12-05T21:19:27, deliveredTime=2025-12-05T21:19:58, shipType=YD, trackingNumber=YD_823969587972, customerNickName=荒天, customerImage=https://img13.360buyimg.com/n5/s114x114_jfs/t1/362508/23/660/102375/690f1621F0f336495/326bc61f3c434699.jpg.avif, remark=没有备注, items=[UserOrdersVO.OrderProduct(productId=8, productName=梅西头像, productPrice=22.00, quantity=1, imageUrl=https://web-management-ai.oss-cn-beijing.aliyuncs.com/2025/11/b718733f-50a3-488b-864f-c638bc84b6f7.jpg, isReviewed=null, orderItemId=null)]), MerchantOrdersVO(id=97, orderNumber=532465632763969540, status=DELIVERED, paymentStatus=PAID, orderedTime=2025-12-05T21:19:56, totalAmount=22.00, shippingAddressId=12, billingAddressId=12, shippedTime=2025-12-05T21:19:34, deliveredTime=2025-12-05T21:19:56,...','0:0:0:0:0:0:0:1','2025-12-08 20:05:23',3,'2025-12-08 20:05:23','2025-12-08 20:05:23'),(152,'荒天',2,'订单管理','查询','查询商家订单','GET','http://localhost:8080/orders/merchant','cancelled;','Result(code=1, msg=success, data=[MerchantOrdersVO(id=101, orderNumber=532476241333190664, status=CANCELLED, paymentStatus=CANCELLED, orderedTime=2025-12-05T22:09:47, totalAmount=1499.00, shippingAddressId=17, billingAddressId=null, shippedTime=null, deliveredTime=null, shipType=null, trackingNumber=null, customerNickName=zxy, customerImage=https://web-management-ai.oss-cn-beijing.aliyuncs.com/2025/11/0977c037-66df-44bd-a2b1-0a6879b99d1f.jpg, remark=订单已超时，自动取消, items=[UserOrdersVO.OrderProduct(productId=9, productName=山地自行车, productPrice=1499.00, quantity=1, imageUrl=https://tse4-mm.cn.bing.net/th/id/OIP-C.Q5XP9BnAtU1I3d79cbHptgHaGu?w=210&h=191&c=7&r=0&o=7&dpr=1.5&pid=1.7&rm=3, isReviewed=null, orderItemId=null)]), MerchantOrdersVO(id=99, orderNumber=532474574885879814, status=CANCELLED, paymentStatus=CANCELLED, orderedTime=2025-12-05T22:03:25, totalAmount=22.00, shippingAddressId=17, billingAddressId=null, shippedTime=null, deliveredTime=null, shipType=null, trackingNumber=null, custo...','0:0:0:0:0:0:0:1','2025-12-08 20:05:24',7,'2025-12-08 20:05:24','2025-12-08 20:05:24'),(153,'荒天',2,'订单管理','查询','查询商家订单','GET','http://localhost:8080/orders/merchant','shipped;','Result(code=1, msg=success, data=[MerchantOrdersVO(id=96, orderNumber=532461844602814467, status=SHIPPED, paymentStatus=PAID, orderedTime=2025-12-05T21:07:14, totalAmount=22.00, shippingAddressId=12, billingAddressId=13, shippedTime=2025-12-05T21:07:14, deliveredTime=null, shipType=YT, trackingNumber=YT_744556600781, customerNickName=荒天, customerImage=https://img13.360buyimg.com/n5/s114x114_jfs/t1/362508/23/660/102375/690f1621F0f336495/326bc61f3c434699.jpg.avif, remark=没有备注, items=[UserOrdersVO.OrderProduct(productId=8, productName=梅西头像, productPrice=22.00, quantity=1, imageUrl=https://web-management-ai.oss-cn-beijing.aliyuncs.com/2025/11/b718733f-50a3-488b-864f-c638bc84b6f7.jpg, isReviewed=null, orderItemId=null)]), MerchantOrdersVO(id=76, orderNumber=530593177346768897, status=SHIPPED, paymentStatus=PAID, orderedTime=2025-11-30T20:13:51, totalAmount=24.00, shippingAddressId=18, billingAddressId=12, shippedTime=2025-11-30T20:13:51, deliveredTime=null, shipType=SF, trackingNumber=SF_57...','0:0:0:0:0:0:0:1','2025-12-08 20:05:25',3,'2025-12-08 20:05:25','2025-12-08 20:05:25'),(154,'荒天',2,'订单管理','查询','查询商家订单','GET','http://localhost:8080/orders/merchant','paid;','Result(code=1, msg=success, data=[MerchantOrdersVO(id=102, orderNumber=532476357297307657, status=PAID, paymentStatus=PAID, orderedTime=2025-12-05T22:00:16, totalAmount=3004.00, shippingAddressId=17, billingAddressId=null, shippedTime=null, deliveredTime=null, shipType=null, trackingNumber=null, customerNickName=zxy, customerImage=https://web-management-ai.oss-cn-beijing.aliyuncs.com/2025/11/0977c037-66df-44bd-a2b1-0a6879b99d1f.jpg, remark=没有备注, items=[UserOrdersVO.OrderProduct(productId=5, productName=晨光橡皮擦666, productPrice=6.00, quantity=1, imageUrl=https://t14.baidu.com/it/u=4174676134,3989774090&fm=224&app=112&f=JPEG?w=500&h=500, isReviewed=null, orderItemId=null), UserOrdersVO.OrderProduct(productId=9, productName=山地自行车, productPrice=1499.00, quantity=2, imageUrl=https://tse4-mm.cn.bing.net/th/id/OIP-C.Q5XP9BnAtU1I3d79cbHptgHaGu?w=210&h=191&c=7&r=0&o=7&dpr=1.5&pid=1.7&rm=3, isReviewed=null, orderItemId=null)]), MerchantOrdersVO(id=95, orderNumber=532417335856726018, status=PAID, p...','0:0:0:0:0:0:0:1','2025-12-08 20:05:26',386,'2025-12-08 20:05:26','2025-12-08 20:05:26'),(155,'荒天',2,'订单管理','查询','查询商家订单','GET','http://localhost:8080/orders/merchant','delivered;','Result(code=1, msg=success, data=[MerchantOrdersVO(id=98, orderNumber=532465662828740613, status=DELIVERED, paymentStatus=PAID, orderedTime=2025-12-05T21:19:58, totalAmount=22.00, shippingAddressId=13, billingAddressId=12, shippedTime=2025-12-05T21:19:27, deliveredTime=2025-12-05T21:19:58, shipType=YD, trackingNumber=YD_823969587972, customerNickName=荒天, customerImage=https://img13.360buyimg.com/n5/s114x114_jfs/t1/362508/23/660/102375/690f1621F0f336495/326bc61f3c434699.jpg.avif, remark=没有备注, items=[UserOrdersVO.OrderProduct(productId=8, productName=梅西头像, productPrice=22.00, quantity=1, imageUrl=https://web-management-ai.oss-cn-beijing.aliyuncs.com/2025/11/b718733f-50a3-488b-864f-c638bc84b6f7.jpg, isReviewed=null, orderItemId=null)]), MerchantOrdersVO(id=97, orderNumber=532465632763969540, status=DELIVERED, paymentStatus=PAID, orderedTime=2025-12-05T21:19:56, totalAmount=22.00, shippingAddressId=12, billingAddressId=12, shippedTime=2025-12-05T21:19:34, deliveredTime=2025-12-05T21:19:56,...','0:0:0:0:0:0:0:1','2025-12-08 20:05:26',3,'2025-12-08 20:05:26','2025-12-08 20:05:26'),(156,'荒天',2,'订单管理','查询','查询商家订单','GET','http://localhost:8080/orders/merchant','paid;','Result(code=1, msg=success, data=[MerchantOrdersVO(id=102, orderNumber=532476357297307657, status=PAID, paymentStatus=PAID, orderedTime=2025-12-05T22:00:16, totalAmount=3004.00, shippingAddressId=17, billingAddressId=null, shippedTime=null, deliveredTime=null, shipType=null, trackingNumber=null, customerNickName=zxy, customerImage=https://web-management-ai.oss-cn-beijing.aliyuncs.com/2025/11/0977c037-66df-44bd-a2b1-0a6879b99d1f.jpg, remark=没有备注, items=[UserOrdersVO.OrderProduct(productId=5, productName=晨光橡皮擦666, productPrice=6.00, quantity=1, imageUrl=https://t14.baidu.com/it/u=4174676134,3989774090&fm=224&app=112&f=JPEG?w=500&h=500, isReviewed=null, orderItemId=null), UserOrdersVO.OrderProduct(productId=9, productName=山地自行车, productPrice=1499.00, quantity=2, imageUrl=https://tse4-mm.cn.bing.net/th/id/OIP-C.Q5XP9BnAtU1I3d79cbHptgHaGu?w=210&h=191&c=7&r=0&o=7&dpr=1.5&pid=1.7&rm=3, isReviewed=null, orderItemId=null)]), MerchantOrdersVO(id=95, orderNumber=532417335856726018, status=PAID, p...','0:0:0:0:0:0:0:1','2025-12-08 20:05:28',4,'2025-12-08 20:05:28','2025-12-08 20:05:28'),(157,'荒天',2,'订单管理','查询','查询商家订单','GET','http://localhost:8080/orders/merchant','','Result(code=1, msg=success, data=[MerchantOrdersVO(id=101, orderNumber=532476241333190664, status=CANCELLED, paymentStatus=CANCELLED, orderedTime=2025-12-05T22:09:47, totalAmount=1499.00, shippingAddressId=17, billingAddressId=null, shippedTime=null, deliveredTime=null, shipType=null, trackingNumber=null, customerNickName=zxy, customerImage=https://web-management-ai.oss-cn-beijing.aliyuncs.com/2025/11/0977c037-66df-44bd-a2b1-0a6879b99d1f.jpg, remark=订单已超时，自动取消, items=[UserOrdersVO.OrderProduct(productId=9, productName=山地自行车, productPrice=1499.00, quantity=1, imageUrl=https://tse4-mm.cn.bing.net/th/id/OIP-C.Q5XP9BnAtU1I3d79cbHptgHaGu?w=210&h=191&c=7&r=0&o=7&dpr=1.5&pid=1.7&rm=3, isReviewed=null, orderItemId=null)]), MerchantOrdersVO(id=99, orderNumber=532474574885879814, status=CANCELLED, paymentStatus=CANCELLED, orderedTime=2025-12-05T22:03:25, totalAmount=22.00, shippingAddressId=17, billingAddressId=null, shippedTime=null, deliveredTime=null, shipType=null, trackingNumber=null, custo...','0:0:0:0:0:0:0:1','2025-12-08 20:12:56',140,'2025-12-08 20:12:56','2025-12-08 20:12:56'),(158,'荒天',2,'订单管理','查询','查询商家订单','GET','http://localhost:8080/orders/merchant','','Result(code=1, msg=success, data=[MerchantOrdersVO(id=101, orderNumber=532476241333190664, status=CANCELLED, paymentStatus=CANCELLED, orderedTime=2025-12-05T22:09:47, totalAmount=1499.00, shippingAddressId=17, billingAddressId=null, shippedTime=null, deliveredTime=null, shipType=null, trackingNumber=null, customerNickName=zxy, customerImage=https://web-management-ai.oss-cn-beijing.aliyuncs.com/2025/11/0977c037-66df-44bd-a2b1-0a6879b99d1f.jpg, remark=订单已超时，自动取消, items=[UserOrdersVO.OrderProduct(productId=9, productName=山地自行车, productPrice=1499.00, quantity=1, imageUrl=https://tse4-mm.cn.bing.net/th/id/OIP-C.Q5XP9BnAtU1I3d79cbHptgHaGu?w=210&h=191&c=7&r=0&o=7&dpr=1.5&pid=1.7&rm=3, isReviewed=null, orderItemId=null)]), MerchantOrdersVO(id=99, orderNumber=532474574885879814, status=CANCELLED, paymentStatus=CANCELLED, orderedTime=2025-12-05T22:03:25, totalAmount=22.00, shippingAddressId=17, billingAddressId=null, shippedTime=null, deliveredTime=null, shipType=null, trackingNumber=null, custo...','0:0:0:0:0:0:0:1','2025-12-08 20:12:56',143,'2025-12-08 20:12:56','2025-12-08 20:12:56'),(159,'荒天',2,'订单管理','查询','查询商家订单','GET','http://localhost:8080/orders/merchant','','Result(code=1, msg=success, data=[MerchantOrdersVO(id=101, orderNumber=532476241333190664, status=CANCELLED, paymentStatus=CANCELLED, orderedTime=2025-12-05T22:09:47, totalAmount=1499.00, shippingAddressId=17, billingAddressId=null, shippedTime=null, deliveredTime=null, shipType=null, trackingNumber=null, customerNickName=zxy, customerImage=https://web-management-ai.oss-cn-beijing.aliyuncs.com/2025/11/0977c037-66df-44bd-a2b1-0a6879b99d1f.jpg, remark=订单已超时，自动取消, items=[UserOrdersVO.OrderProduct(productId=9, productName=山地自行车, productPrice=1499.00, quantity=1, imageUrl=https://tse4-mm.cn.bing.net/th/id/OIP-C.Q5XP9BnAtU1I3d79cbHptgHaGu?w=210&h=191&c=7&r=0&o=7&dpr=1.5&pid=1.7&rm=3, isReviewed=null, orderItemId=null)]), MerchantOrdersVO(id=99, orderNumber=532474574885879814, status=CANCELLED, paymentStatus=CANCELLED, orderedTime=2025-12-05T22:03:25, totalAmount=22.00, shippingAddressId=17, billingAddressId=null, shippedTime=null, deliveredTime=null, shipType=null, trackingNumber=null, custo...','0:0:0:0:0:0:0:1','2025-12-08 20:12:59',21,'2025-12-08 20:12:59','2025-12-08 20:12:59'),(160,'荒天',2,'订单管理','查询','查询商家订单','GET','http://localhost:8080/orders/merchant','','Result(code=1, msg=success, data=[MerchantOrdersVO(id=101, orderNumber=532476241333190664, status=CANCELLED, paymentStatus=CANCELLED, orderedTime=2025-12-05T22:09:47, totalAmount=1499.00, shippingAddressId=17, billingAddressId=null, shippedTime=null, deliveredTime=null, shipType=null, trackingNumber=null, customerNickName=zxy, customerImage=https://web-management-ai.oss-cn-beijing.aliyuncs.com/2025/11/0977c037-66df-44bd-a2b1-0a6879b99d1f.jpg, remark=订单已超时，自动取消, items=[UserOrdersVO.OrderProduct(productId=9, productName=山地自行车, productPrice=1499.00, quantity=1, imageUrl=https://tse4-mm.cn.bing.net/th/id/OIP-C.Q5XP9BnAtU1I3d79cbHptgHaGu?w=210&h=191&c=7&r=0&o=7&dpr=1.5&pid=1.7&rm=3, isReviewed=null, orderItemId=null)]), MerchantOrdersVO(id=99, orderNumber=532474574885879814, status=CANCELLED, paymentStatus=CANCELLED, orderedTime=2025-12-05T22:03:25, totalAmount=22.00, shippingAddressId=17, billingAddressId=null, shippedTime=null, deliveredTime=null, shipType=null, trackingNumber=null, custo...','0:0:0:0:0:0:0:1','2025-12-08 20:13:02',31,'2025-12-08 20:13:03','2025-12-08 20:13:03'),(161,'荒天',2,'商品管理','查询','获取商品列表','GET','http://localhost:8080/products','1;1;10;','Result(code=1, msg=success, data=PageResult(total=7, rows=Page{count=true, pageNum=1, pageSize=10, startRow=0, endRow=10, total=7, pages=1, reasonable=false, pageSizeZero=false}[ProductVO(id=10, name=米卡萨排球, description=耐久耐磨可以打一万场, price=349.99, stockQuantity=1, categoryId=46, sku=赛场专用球, imageUrl=https://p0.ssl.qhimgs1.com/sdr/400__/t015f94e1226fe6b93e.jpg, isActive=1, merchantId=2, merchantName=心雨文具, categoryName=球类运动, rating=4.00, ratingCount=1, merchantRating=null, merchantRatingCount=null), ProductVO(id=8, name=梅西头像, description=球王梅西, price=22.00, stockQuantity=95, categoryId=61, sku=梅西头像很帅气, imageUrl=https://web-management-ai.oss-cn-beijing.aliyuncs.com/2025/11/b718733f-50a3-488b-864f-c638bc84b6f7.jpg, isActive=1, merchantId=2, merchantName=心雨文具, categoryName=其它, rating=3.44, ratingCount=4, merchantRating=null, merchantRatingCount=null), ProductVO(id=3, name=小米14 Pro 5G手机, description=骁龙8 Gen3处理器，2K OLED屏幕, price=5299.00, stockQuantity=944, categoryId=2, sku=XM14P-12+256-BLACK, ima...','0:0:0:0:0:0:0:1','2025-12-08 20:13:20',15,'2025-12-08 20:13:20','2025-12-08 20:13:20'),(162,'荒天',2,'商品管理','查询','获取商品列表','GET','http://localhost:8080/products','1;1;10;','Result(code=1, msg=success, data=PageResult(total=7, rows=Page{count=true, pageNum=1, pageSize=10, startRow=0, endRow=10, total=7, pages=1, reasonable=false, pageSizeZero=false}[ProductVO(id=10, name=米卡萨排球, description=耐久耐磨可以打一万场, price=349.99, stockQuantity=1, categoryId=46, sku=赛场专用球, imageUrl=https://p0.ssl.qhimgs1.com/sdr/400__/t015f94e1226fe6b93e.jpg, isActive=1, merchantId=2, merchantName=心雨文具, categoryName=球类运动, rating=4.00, ratingCount=1, merchantRating=null, merchantRatingCount=null), ProductVO(id=8, name=梅西头像, description=球王梅西, price=22.00, stockQuantity=95, categoryId=61, sku=梅西头像很帅气, imageUrl=https://web-management-ai.oss-cn-beijing.aliyuncs.com/2025/11/b718733f-50a3-488b-864f-c638bc84b6f7.jpg, isActive=1, merchantId=2, merchantName=心雨文具, categoryName=其它, rating=3.44, ratingCount=4, merchantRating=null, merchantRatingCount=null), ProductVO(id=3, name=小米14 Pro 5G手机, description=骁龙8 Gen3处理器，2K OLED屏幕, price=5299.00, stockQuantity=944, categoryId=2, sku=XM14P-12+256-BLACK, ima...','0:0:0:0:0:0:0:1','2025-12-08 20:13:31',11,'2025-12-08 20:13:31','2025-12-08 20:13:31'),(163,'荒天',2,'商品管理','查询','获取商品列表','GET','http://localhost:8080/products','1;1;10;','Result(code=1, msg=success, data=PageResult(total=7, rows=Page{count=true, pageNum=1, pageSize=10, startRow=0, endRow=10, total=7, pages=1, reasonable=false, pageSizeZero=false}[ProductVO(id=10, name=米卡萨排球, description=耐久耐磨可以打一万场, price=349.99, stockQuantity=1, categoryId=46, sku=赛场专用球, imageUrl=https://p0.ssl.qhimgs1.com/sdr/400__/t015f94e1226fe6b93e.jpg, isActive=1, merchantId=2, merchantName=心雨文具, categoryName=球类运动, rating=4.00, ratingCount=1, merchantRating=null, merchantRatingCount=null), ProductVO(id=8, name=梅西头像, description=球王梅西, price=22.00, stockQuantity=95, categoryId=61, sku=梅西头像很帅气, imageUrl=https://web-management-ai.oss-cn-beijing.aliyuncs.com/2025/11/b718733f-50a3-488b-864f-c638bc84b6f7.jpg, isActive=1, merchantId=2, merchantName=心雨文具, categoryName=其它, rating=3.44, ratingCount=4, merchantRating=null, merchantRatingCount=null), ProductVO(id=3, name=小米14 Pro 5G手机, description=骁龙8 Gen3处理器，2K OLED屏幕, price=5299.00, stockQuantity=944, categoryId=2, sku=XM14P-12+256-BLACK, ima...','0:0:0:0:0:0:0:1','2025-12-08 20:13:35',0,'2025-12-08 20:13:35','2025-12-08 20:13:35'),(164,'荒天',2,'商品管理','查询','获取商品列表','GET','http://localhost:8080/products','1;1;10;','Result(code=1, msg=success, data=PageResult(total=7, rows=Page{count=true, pageNum=1, pageSize=10, startRow=0, endRow=10, total=7, pages=1, reasonable=false, pageSizeZero=false}[ProductVO(id=10, name=米卡萨排球, description=耐久耐磨可以打一万场, price=349.99, stockQuantity=1, categoryId=46, sku=赛场专用球, imageUrl=https://p0.ssl.qhimgs1.com/sdr/400__/t015f94e1226fe6b93e.jpg, isActive=1, merchantId=2, merchantName=心雨文具, categoryName=球类运动, rating=4.00, ratingCount=1, merchantRating=null, merchantRatingCount=null), ProductVO(id=8, name=梅西头像, description=球王梅西, price=22.00, stockQuantity=95, categoryId=61, sku=梅西头像很帅气, imageUrl=https://web-management-ai.oss-cn-beijing.aliyuncs.com/2025/11/b718733f-50a3-488b-864f-c638bc84b6f7.jpg, isActive=1, merchantId=2, merchantName=心雨文具, categoryName=其它, rating=3.44, ratingCount=4, merchantRating=null, merchantRatingCount=null), ProductVO(id=3, name=小米14 Pro 5G手机, description=骁龙8 Gen3处理器，2K OLED屏幕, price=5299.00, stockQuantity=944, categoryId=2, sku=XM14P-12+256-BLACK, ima...','0:0:0:0:0:0:0:1','2025-12-08 20:13:40',6,'2025-12-08 20:13:40','2025-12-08 20:13:40'),(165,'荒天',2,'商品管理','查询','获取商品列表','GET','http://localhost:8080/products','1;1;10;','Result(code=1, msg=success, data=PageResult(total=7, rows=Page{count=true, pageNum=1, pageSize=10, startRow=0, endRow=10, total=7, pages=1, reasonable=false, pageSizeZero=false}[ProductVO(id=10, name=米卡萨排球, description=耐久耐磨可以打一万场, price=349.99, stockQuantity=1, categoryId=46, sku=赛场专用球, imageUrl=https://p0.ssl.qhimgs1.com/sdr/400__/t015f94e1226fe6b93e.jpg, isActive=1, merchantId=2, merchantName=心雨文具, categoryName=球类运动, rating=4.00, ratingCount=1, merchantRating=null, merchantRatingCount=null), ProductVO(id=8, name=梅西头像, description=球王梅西, price=22.00, stockQuantity=95, categoryId=61, sku=梅西头像很帅气, imageUrl=https://web-management-ai.oss-cn-beijing.aliyuncs.com/2025/11/b718733f-50a3-488b-864f-c638bc84b6f7.jpg, isActive=1, merchantId=2, merchantName=心雨文具, categoryName=其它, rating=3.44, ratingCount=4, merchantRating=null, merchantRatingCount=null), ProductVO(id=3, name=小米14 Pro 5G手机, description=骁龙8 Gen3处理器，2K OLED屏幕, price=5299.00, stockQuantity=944, categoryId=2, sku=XM14P-12+256-BLACK, ima...','0:0:0:0:0:0:0:1','2025-12-08 20:13:43',9,'2025-12-08 20:13:43','2025-12-08 20:13:43'),(166,'荒天',2,'商品管理','查询','获取商品列表','GET','http://localhost:8080/products','1;1;10;','Result(code=1, msg=success, data=PageResult(total=7, rows=Page{count=true, pageNum=1, pageSize=10, startRow=0, endRow=10, total=7, pages=1, reasonable=false, pageSizeZero=false}[ProductVO(id=10, name=米卡萨排球, description=耐久耐磨可以打一万场, price=349.99, stockQuantity=1, categoryId=46, sku=赛场专用球, imageUrl=https://p0.ssl.qhimgs1.com/sdr/400__/t015f94e1226fe6b93e.jpg, isActive=1, merchantId=2, merchantName=心雨文具, categoryName=球类运动, rating=4.00, ratingCount=1, merchantRating=null, merchantRatingCount=null), ProductVO(id=8, name=梅西头像, description=球王梅西, price=22.00, stockQuantity=95, categoryId=61, sku=梅西头像很帅气, imageUrl=https://web-management-ai.oss-cn-beijing.aliyuncs.com/2025/11/b718733f-50a3-488b-864f-c638bc84b6f7.jpg, isActive=1, merchantId=2, merchantName=心雨文具, categoryName=其它, rating=3.44, ratingCount=4, merchantRating=null, merchantRatingCount=null), ProductVO(id=3, name=小米14 Pro 5G手机, description=骁龙8 Gen3处理器，2K OLED屏幕, price=5299.00, stockQuantity=944, categoryId=2, sku=XM14P-12+256-BLACK, ima...','0:0:0:0:0:0:0:1','2025-12-08 20:13:48',11,'2025-12-08 20:13:48','2025-12-08 20:13:48');
/*!40000 ALTER TABLE `operation_log` ENABLE KEYS */;
UNLOCK TABLES;

--
-- Table structure for table `order_items`
--

DROP TABLE IF EXISTS `order_items`;
/*!40101 SET @saved_cs_client     = @@character_set_client */;
/*!50503 SET character_set_client = utf8mb4 */;
CREATE TABLE `order_items` (
  `id` bigint unsigned NOT NULL AUTO_INCREMENT COMMENT '订单项ID',
  `order_id` bigint unsigned NOT NULL COMMENT '订单ID',
  `product_id` bigint unsigned NOT NULL COMMENT '商品ID',
  `product_name` varchar(200) COLLATE utf8mb4_unicode_ci NOT NULL COMMENT '商品名称（下单时快照）',
  `product_price` decimal(10,2) NOT NULL COMMENT '商品单价（下单时快照）',
  `quantity` int NOT NULL COMMENT '购买数量',
  `subtotal` decimal(10,2) NOT NULL COMMENT '小计金额（单价×数量）',
  `merchant_id` bigint unsigned NOT NULL COMMENT '商家ID（快照）',
  `is_reviewed` tinyint(1) DEFAULT '0' COMMENT '是否被评价',
  PRIMARY KEY (`id`),
  KEY `idx_order_id` (`order_id`),
  KEY `idx_product_id` (`product_id`),
  KEY `idx_merchant_id` (`merchant_id`),
  CONSTRAINT `fk_order_item_merchant` FOREIGN KEY (`merchant_id`) REFERENCES `merchant` (`id`),
  CONSTRAINT `fk_order_item_order` FOREIGN KEY (`order_id`) REFERENCES `orders` (`id`) ON DELETE CASCADE,
  CONSTRAINT `fk_order_item_product` FOREIGN KEY (`product_id`) REFERENCES `product` (`id`) ON DELETE RESTRICT,
  CONSTRAINT `ck_subtotal` CHECK ((`subtotal` = (`product_price` * `quantity`)))
) ENGINE=InnoDB AUTO_INCREMENT=131 DEFAULT CHARSET=utf8mb4 COLLATE=utf8mb4_unicode_ci COMMENT='订单项表';
/*!40101 SET character_set_client = @saved_cs_client */;

--
-- Dumping data for table `order_items`
--

LOCK TABLES `order_items` WRITE;
/*!40000 ALTER TABLE `order_items` DISABLE KEYS */;
INSERT INTO `order_items` VALUES (43,30,5,'晨光橡皮擦666',6.00,5,30.00,2,0),(44,31,10,'米卡萨排球',349.99,2,699.98,2,0),(45,32,10,'米卡萨排球',349.99,1,349.99,2,0),(46,33,8,'梅西头像',22.00,1,22.00,2,1),(47,34,10,'米卡萨排球',349.99,1,349.99,2,1),(48,35,8,'梅西头像',22.00,1,22.00,2,0),(49,35,9,'山地自行车',1499.00,1,1499.00,2,0),(51,37,8,'梅西头像',22.00,1,22.00,2,0),(52,37,9,'山地自行车',1499.00,1,1499.00,2,0),(53,38,10,'米卡萨排球',349.99,1,349.99,2,0),(55,40,10,'米卡萨排球',349.99,1,349.99,2,0),(56,41,10,'米卡萨排球',349.99,1,349.99,2,0),(57,42,10,'米卡萨排球',349.99,1,349.99,2,0),(58,43,10,'米卡萨排球',349.99,1,349.99,2,0),(59,44,8,'梅西头像',22.00,1,22.00,2,0),(60,44,9,'山地自行车',1499.00,1,1499.00,2,0),(61,44,10,'米卡萨排球',349.99,1,349.99,2,0),(62,45,8,'梅西头像',22.00,1,22.00,2,0),(63,45,9,'山地自行车',1499.00,1,1499.00,2,0),(64,45,10,'米卡萨排球',349.99,1,349.99,2,0),(65,46,8,'梅西头像',22.00,1,22.00,2,0),(66,46,9,'山地自行车',1499.00,5,7495.00,2,0),(67,46,10,'米卡萨排球',349.99,2,699.98,2,0),(68,47,10,'米卡萨排球',349.99,1,349.99,2,0),(69,48,10,'米卡萨排球',349.99,1,349.99,2,0),(70,49,10,'米卡萨排球',349.99,1,349.99,2,0),(71,50,10,'米卡萨排球',349.99,1,349.99,2,0),(72,51,10,'米卡萨排球',349.99,1,349.99,2,0),(73,52,10,'米卡萨排球',349.99,1,349.99,2,0),(74,53,10,'米卡萨排球',349.99,1,349.99,2,0),(75,54,10,'米卡萨排球',349.99,1,349.99,2,0),(76,55,10,'米卡萨排球',349.99,1,349.99,2,0),(77,56,10,'米卡萨排球',349.99,1,349.99,2,0),(78,57,10,'米卡萨排球',349.99,1,349.99,2,0),(79,58,10,'米卡萨排球',349.99,1,349.99,2,0),(80,59,8,'梅西头像',22.00,5,110.00,2,0),(81,59,9,'山地自行车',1499.00,10,14990.00,2,0),(82,59,10,'米卡萨排球',349.99,2,699.98,2,0),(83,60,10,'米卡萨排球',349.99,1,349.99,2,0),(84,61,10,'米卡萨排球',349.99,1,349.99,2,0),(85,62,8,'梅西头像',22.00,9,198.00,2,0),(86,62,9,'山地自行车',1499.00,17,25483.00,2,0),(87,62,10,'米卡萨排球',349.99,2,699.98,2,0),(88,63,8,'梅西头像',22.00,1,22.00,2,0),(89,64,9,'山地自行车',1499.00,1,1499.00,2,0),(90,65,10,'米卡萨排球',349.99,1,349.99,2,0),(91,66,6,'迈从Ace68 air 加强电竞版本',268.00,1,268.00,1,0),(92,67,10,'米卡萨排球',349.99,1,349.99,2,0),(93,68,9,'山地自行车',1499.00,1,1499.00,2,0),(94,69,10,'米卡萨排球',349.99,1,349.99,2,0),(95,70,9,'山地自行车',1499.00,1,1499.00,2,0),(96,71,10,'米卡萨排球',349.99,1,349.99,2,0),(97,72,3,'小米14 Pro 5G手机',5299.00,1,5299.00,1,0),(98,73,10,'米卡萨排球',349.99,1,349.99,2,0),(99,74,5,'晨光橡皮擦666',6.00,1,6.00,2,0),(100,75,10,'米卡萨排球',349.99,1,349.99,2,0),(101,76,5,'晨光橡皮擦666',6.00,4,24.00,2,0),(102,77,11,'飞机杯',999.00,1,999.00,7,0),(103,78,11,'飞机杯',999.00,1,999.00,7,1),(104,79,10,'米卡萨排球',349.99,1,349.99,2,0),(105,80,10,'米卡萨排球',349.99,1,349.99,2,0),(106,81,6,'迈从Ace68 air 加强电竞版本',268.00,1,268.00,1,0),(107,82,5,'晨光橡皮擦666',6.00,1,6.00,2,0),(108,83,5,'晨光橡皮擦666',6.00,1,6.00,2,0),(109,84,10,'米卡萨排球',349.99,1,349.99,2,0),(110,85,5,'晨光橡皮擦666',6.00,1,6.00,2,0),(111,86,9,'山地自行车',1499.00,1,1499.00,2,0),(112,87,8,'梅西头像',22.00,1,22.00,2,0),(113,88,9,'山地自行车',1499.00,1,1499.00,2,0),(114,89,3,'小米14 Pro 5G手机',5299.00,1,5299.00,1,0),(115,90,3,'小米14 Pro 5G手机',5299.00,1,5299.00,1,0),(116,91,9,'山地自行车',1499.00,1,1499.00,2,0),(117,92,8,'梅西头像',22.00,9,198.00,2,0),(118,92,9,'山地自行车',1499.00,17,25483.00,2,0),(119,93,8,'梅西头像',22.00,9,198.00,2,0),(120,93,9,'山地自行车',1499.00,17,25483.00,2,0),(121,94,8,'梅西头像',22.00,1,22.00,2,0),(122,95,9,'山地自行车',1499.00,1,1499.00,2,0),(123,96,8,'梅西头像',22.00,1,22.00,2,0),(124,97,8,'梅西头像',22.00,1,22.00,2,1),(125,98,8,'梅西头像',22.00,1,22.00,2,1),(126,99,8,'梅西头像',22.00,1,22.00,2,0),(127,100,8,'梅西头像',22.00,1,22.00,2,1),(128,101,9,'山地自行车',1499.00,1,1499.00,2,0),(129,102,5,'晨光橡皮擦666',6.00,1,6.00,2,0),(130,102,9,'山地自行车',1499.00,2,2998.00,2,0);
/*!40000 ALTER TABLE `order_items` ENABLE KEYS */;
UNLOCK TABLES;

--
-- Table structure for table `orders`
--

DROP TABLE IF EXISTS `orders`;
/*!40101 SET @saved_cs_client     = @@character_set_client */;
/*!50503 SET character_set_client = utf8mb4 */;
CREATE TABLE `orders` (
  `id` bigint unsigned NOT NULL AUTO_INCREMENT COMMENT '订单ID',
  `order_number` varchar(50) COLLATE utf8mb4_unicode_ci NOT NULL COMMENT '订单号（唯一标识）',
  `user_id` bigint unsigned NOT NULL COMMENT '用户ID',
  `merchant_id` bigint unsigned NOT NULL COMMENT '商家ID',
  `total_amount` decimal(10,2) NOT NULL COMMENT '订单总金额',
  `payment_method` varchar(50) CHARACTER SET utf8mb4 COLLATE utf8mb4_unicode_ci DEFAULT NULL COMMENT '支付方式（如支付宝、微信）',
  `payment_status` enum('pending','paid','failed','cancelled','refunded') CHARACTER SET utf8mb4 COLLATE utf8mb4_unicode_ci NOT NULL DEFAULT 'pending' COMMENT '支付状态：pending-待支付，paid-已支付，failed-支付失败，cancelled-取消支付，refunded-已退款',
  `shipping_method` varchar(50) COLLATE utf8mb4_unicode_ci DEFAULT NULL COMMENT '配送方式（如顺丰、京东物流）',
  `tracking_number` varchar(100) COLLATE utf8mb4_unicode_ci DEFAULT NULL COMMENT '物流单号',
  `ordered_time` timestamp NOT NULL DEFAULT CURRENT_TIMESTAMP COMMENT '下单时间',
  `paid_time` timestamp NULL DEFAULT NULL COMMENT '支付时间',
  `shipped_time` timestamp NULL DEFAULT NULL COMMENT '发货时间',
  `delivered_time` timestamp NULL DEFAULT NULL COMMENT '送达时间',
  `shipping_address_id` bigint unsigned NOT NULL COMMENT '收货地址ID',
  `billing_address_id` bigint unsigned DEFAULT NULL COMMENT '账单地址ID',
  `status` enum('pending','paid','shipped','delivered','cancelled','return_applied','return_rejected','return_approved') CHARACTER SET utf8mb4 COLLATE utf8mb4_unicode_ci NOT NULL DEFAULT 'pending' COMMENT '订单状态：pending-待支付，paid-已支付，shipped-已发货，delivered-已送达，cancelled-已取消，return_applied-申请退货，return_rejected-退货被拒绝，return_approved-退货已批准',
  `remark` varchar(100) COLLATE utf8mb4_unicode_ci DEFAULT NULL COMMENT '备注',
  PRIMARY KEY (`id`),
  UNIQUE KEY `uk_order_number` (`order_number`),
  KEY `idx_user_id` (`user_id`),
  KEY `idx_merchant_id` (`merchant_id`),
  KEY `idx_payment_status` (`payment_status`),
  KEY `shipping_address_id` (`shipping_address_id`),
  KEY `billing_address_id` (`billing_address_id`),
  CONSTRAINT `fk_order_billing_address` FOREIGN KEY (`billing_address_id`) REFERENCES `user_address` (`id`),
  CONSTRAINT `fk_order_merchant` FOREIGN KEY (`merchant_id`) REFERENCES `merchant` (`id`),
  CONSTRAINT `fk_order_shipping_address` FOREIGN KEY (`shipping_address_id`) REFERENCES `user_address` (`id`),
  CONSTRAINT `fk_order_user` FOREIGN KEY (`user_id`) REFERENCES `user` (`id`) ON DELETE RESTRICT
) ENGINE=InnoDB AUTO_INCREMENT=103 DEFAULT CHARSET=utf8mb4 COLLATE=utf8mb4_unicode_ci COMMENT='订单表';
/*!40101 SET character_set_client = @saved_cs_client */;

--
-- Dumping data for table `orders`
--

LOCK TABLES `orders` WRITE;
/*!40000 ALTER TABLE `orders` DISABLE KEYS */;
INSERT INTO `orders` VALUES (30,'528721280275316745',22,2,30.00,'0','refunded','2','YT_542737237220','2025-11-25 12:08:19','2025-11-25 11:08:40','2025-11-25 11:59:42','2025-11-25 12:08:19',16,12,'cancelled','发顺丰快递，球球了'),(31,'528722156448645130',22,2,699.98,'1','refunded','0','SF_156526456971','2025-11-25 11:16:05','2025-11-25 11:12:03','2025-11-25 11:13:32','2025-11-25 11:16:05',16,13,'cancelled','三天内送到，想打完了'),(32,'528730505865068555',22,2,349.99,NULL,'cancelled',NULL,NULL,'2025-11-25 11:47:51',NULL,NULL,NULL,17,NULL,'cancelled','没有备注'),(33,'528790308989698060',22,2,22.00,'1','paid','3','ZT_384442524681','2025-11-25 15:37:57','2025-11-25 15:36:32','2025-11-25 15:36:45','2025-11-25 15:37:57',16,13,'delivered','没有备注'),(34,'528792108580995085',22,2,349.99,'0','refunded','0','SF_634492423315','2025-11-25 17:24:10','2025-11-25 15:43:30','2025-11-25 17:21:39','2025-11-25 17:24:10',17,13,'cancelled','发顺丰吧'),(35,'528817062340984833',22,2,1521.00,'1','refunded','0','SF_209470063706','2025-11-25 17:23:20','2025-11-25 17:20:50','2025-11-25 17:23:20',NULL,17,12,'cancelled','发顺丰快递'),(37,'529154333237837826',22,2,1521.00,'1','refunded',NULL,NULL,'2025-11-26 17:04:12','2025-11-26 17:04:12',NULL,NULL,17,NULL,'cancelled','没有备注'),(38,'529187997191503873',22,2,349.99,'1','refunded',NULL,NULL,'2025-11-26 17:20:04','2025-11-26 17:20:04',NULL,NULL,17,NULL,'cancelled','没有备注'),(40,'529196922133544963',22,2,349.99,NULL,'cancelled',NULL,NULL,'2025-11-26 17:55:05',NULL,NULL,NULL,17,NULL,'cancelled','没有备注'),(41,'529197171241648132',22,2,349.99,'1','refunded',NULL,NULL,'2025-11-26 17:55:24','2025-11-26 17:55:24',NULL,NULL,17,NULL,'cancelled','没有备注'),(42,'529197343040339973',22,2,349.99,'0','refunded','1','YD_016718278807','2025-11-26 17:56:47','2025-11-26 17:56:35','2025-11-26 17:56:47',NULL,17,13,'cancelled','没有备注'),(43,'529199181286342662',22,2,349.99,NULL,'cancelled',NULL,NULL,'2025-11-26 18:05:52',NULL,NULL,NULL,17,NULL,'cancelled','没有备注'),(44,'529200237848297479',22,2,1870.99,'1','refunded',NULL,NULL,'2025-11-26 18:11:36','2025-11-26 18:11:36',NULL,NULL,17,NULL,'cancelled','没有备注'),(45,'529203016692137992',22,2,1870.99,'1','refunded',NULL,NULL,'2025-11-26 18:19:16','2025-11-26 18:19:16',NULL,NULL,17,NULL,'cancelled','没有备注'),(46,'529204794808598537',22,2,8216.98,NULL,'cancelled',NULL,NULL,'2025-11-26 18:25:57',NULL,NULL,NULL,17,NULL,'cancelled','没有备注'),(47,'529209467733016586',22,2,349.99,'1','paid',NULL,NULL,'2025-11-26 18:43:11','2025-11-26 18:43:11',NULL,NULL,17,NULL,'paid','没有备注'),(48,'529209596582035467',22,2,349.99,'1','paid',NULL,NULL,'2025-11-26 18:44:06','2025-11-26 18:44:06',NULL,NULL,17,NULL,'paid','没有备注'),(49,'529210790582943756',22,2,349.99,'1','refunded',NULL,NULL,'2025-11-26 18:49:40','2025-11-26 18:49:40',NULL,NULL,17,NULL,'cancelled','没有备注'),(50,'529210820647714829',22,2,349.99,'1','refunded',NULL,NULL,'2025-11-26 18:48:56','2025-11-26 18:48:56',NULL,NULL,17,NULL,'cancelled','没有备注'),(51,'529211043986014222',22,2,349.99,NULL,'cancelled',NULL,NULL,'2025-11-26 18:50:41',NULL,NULL,NULL,17,NULL,'cancelled','没有备注'),(52,'529307311382986767',22,2,349.99,'1','refunded',NULL,NULL,'2025-11-27 01:03:21','2025-11-27 01:03:21',NULL,NULL,17,NULL,'cancelled','没有备注'),(53,'529307371512528912',22,2,349.99,NULL,'cancelled',NULL,NULL,'2025-11-27 01:03:11',NULL,NULL,NULL,17,NULL,'cancelled','没有备注'),(54,'529310386579570705',22,2,349.99,NULL,'cancelled',NULL,NULL,'2025-11-27 01:27:21',NULL,NULL,NULL,17,NULL,'cancelled','没有备注'),(55,'529312031552045074',22,2,349.99,NULL,'cancelled',NULL,NULL,'2025-11-27 01:21:30',NULL,NULL,NULL,17,NULL,'cancelled','没有备注'),(56,'529312521178316819',22,2,349.99,'1','refunded',NULL,NULL,'2025-11-27 01:23:13','2025-11-27 01:23:13',NULL,NULL,17,NULL,'cancelled','没有备注'),(57,'529313985762164756',22,2,349.99,'1','refunded',NULL,NULL,'2025-11-27 01:30:02','2025-11-27 01:30:02',NULL,NULL,17,NULL,'cancelled','没有备注'),(58,'529314015826935829',22,2,349.99,'1','refunded',NULL,NULL,'2025-11-27 01:29:23','2025-11-27 01:29:23',NULL,NULL,17,NULL,'cancelled','没有备注'),(59,'529315501885620246',22,2,15799.98,NULL,'cancelled',NULL,NULL,'2025-11-27 16:30:29',NULL,NULL,NULL,17,NULL,'cancelled','没有备注'),(60,'529555895500144641',22,2,349.99,NULL,'cancelled',NULL,NULL,'2025-11-27 17:08:08',NULL,NULL,NULL,17,NULL,'cancelled','没有备注'),(61,'529559481797836802',22,2,349.99,NULL,'cancelled',NULL,NULL,'2025-11-27 17:22:16',NULL,NULL,NULL,17,NULL,'cancelled','没有备注'),(62,'529559980014043139',22,2,26380.98,NULL,'cancelled',NULL,NULL,'2025-11-27 17:24:12',NULL,NULL,NULL,17,NULL,'cancelled','没有备注'),(63,'529561113885409284',22,2,22.00,NULL,'cancelled',NULL,NULL,'2025-11-27 17:28:36',NULL,NULL,NULL,17,NULL,'cancelled','没有备注'),(64,'529561126770311173',22,2,1499.00,NULL,'cancelled',NULL,NULL,'2025-11-27 17:28:39',NULL,NULL,NULL,17,NULL,'cancelled','没有备注'),(65,'529561143950180358',22,2,349.99,NULL,'cancelled',NULL,NULL,'2025-11-27 17:28:43',NULL,NULL,NULL,17,NULL,'cancelled','没有备注'),(66,'529561156835082247',22,1,268.00,NULL,'cancelled',NULL,NULL,'2025-11-27 17:28:45',NULL,NULL,NULL,17,NULL,'cancelled','没有备注'),(67,'529563175469711368',22,2,349.99,NULL,'cancelled',NULL,NULL,'2025-11-27 17:36:37',NULL,NULL,NULL,17,NULL,'cancelled','订单已超时，自动取消'),(68,'529563188354613257',22,2,1499.00,NULL,'cancelled',NULL,NULL,'2025-11-27 17:36:42',NULL,NULL,NULL,17,NULL,'cancelled','订单已超时，自动取消'),(69,'529563630736244746',22,2,349.99,NULL,'cancelled',NULL,NULL,'2025-11-27 17:38:23',NULL,NULL,NULL,17,NULL,'cancelled','订单已超时，自动取消'),(70,'529563643621146635',22,2,1499.00,NULL,'cancelled',NULL,NULL,'2025-11-27 17:38:33',NULL,NULL,NULL,17,NULL,'cancelled','订单已超时，自动取消'),(71,'529564184787025932',22,2,349.99,NULL,'cancelled',NULL,NULL,'2025-11-27 17:40:33',NULL,NULL,NULL,17,NULL,'cancelled','订单已超时，自动取消'),(72,'529564189081993229',2,1,5299.00,NULL,'cancelled',NULL,NULL,'2025-11-27 17:40:33',NULL,NULL,NULL,12,NULL,'cancelled','订单已超时，自动取消'),(73,'529567401717530638',22,2,349.99,NULL,'cancelled',NULL,NULL,'2025-11-27 17:56:14',NULL,NULL,NULL,17,NULL,'cancelled','没有备注'),(74,'529568127567003663',22,2,6.00,'1','paid',NULL,NULL,'2025-11-27 17:55:39','2025-11-27 17:55:39',NULL,NULL,17,NULL,'paid','没有备注'),(75,'529568595718438928',22,2,349.99,NULL,'cancelled',NULL,NULL,'2025-12-03 14:09:09',NULL,NULL,NULL,17,NULL,'cancelled','没有备注'),(76,'530593177346768897',29,2,24.00,'1','paid','0','SF_578524546385','2025-11-30 12:13:51','2025-11-30 12:12:39','2025-11-30 12:13:51',NULL,18,12,'shipped','没有备注'),(77,'530594895333687298',29,7,999.00,NULL,'cancelled',NULL,NULL,'2025-11-30 12:19:42',NULL,NULL,NULL,18,NULL,'cancelled','没有备注'),(78,'530595178801528835',2,7,999.00,'0','paid','2','YT_460738821309','2025-11-30 12:21:13','2025-11-30 12:20:39','2025-11-30 12:21:04','2025-11-30 12:21:13',12,18,'delivered','快点发货，我要爽'),(79,'530968235365892097',2,2,349.99,'1','paid',NULL,NULL,'2025-12-01 12:27:59','2025-12-01 12:27:59',NULL,NULL,12,NULL,'paid','没有备注'),(80,'530982206894505986',2,2,349.99,NULL,'cancelled',NULL,NULL,'2025-12-01 13:32:10',NULL,NULL,NULL,12,NULL,'cancelled','订单已超时，自动取消'),(81,'531628487803404289',2,1,268.00,NULL,'cancelled',NULL,NULL,'2025-12-03 07:20:05',NULL,NULL,NULL,12,NULL,'cancelled','订单已超时，自动取消'),(82,'531704027688206338',2,2,6.00,NULL,'cancelled',NULL,NULL,'2025-12-03 12:13:18',NULL,NULL,NULL,12,NULL,'cancelled','订单已超时，自动取消'),(83,'531736596425211907',22,2,6.00,NULL,'cancelled',NULL,NULL,'2025-12-03 14:19:38',NULL,NULL,NULL,17,NULL,'cancelled','订单已超时，自动取消'),(84,'531776153074008065',22,2,349.99,'1','paid',NULL,NULL,'2025-12-03 16:43:17','2025-12-03 16:43:17',NULL,NULL,17,NULL,'paid','没有备注'),(85,'531784429475987458',22,2,6.00,'1','refunded',NULL,NULL,'2025-12-03 17:16:17','2025-12-03 17:16:17',NULL,NULL,17,NULL,'cancelled','没有备注'),(86,'531786542599897091',22,2,1499.00,NULL,'cancelled',NULL,NULL,'2025-12-03 17:33:30',NULL,NULL,NULL,17,NULL,'cancelled','订单已超时，自动取消'),(87,'531790163257327620',22,2,22.00,NULL,'cancelled',NULL,NULL,'2025-12-03 17:37:39',NULL,NULL,NULL,17,NULL,'cancelled','订单已超时，自动取消'),(88,'531790266336542725',22,2,1499.00,NULL,'cancelled',NULL,NULL,'2025-12-03 17:38:09',NULL,NULL,NULL,17,NULL,'cancelled','订单已超时，自动取消'),(89,'531790382300659718',22,1,5299.00,NULL,'cancelled',NULL,NULL,'2025-12-03 17:38:29',NULL,NULL,NULL,17,NULL,'cancelled','订单已超时，自动取消'),(90,'531790485379874823',22,1,5299.00,NULL,'cancelled',NULL,NULL,'2025-12-03 17:38:59',NULL,NULL,NULL,17,NULL,'cancelled','订单已超时，自动取消'),(91,'531967283413647368',22,2,1499.00,NULL,'cancelled',NULL,NULL,'2025-12-04 05:14:48',NULL,NULL,NULL,17,NULL,'cancelled','订单已超时，自动取消'),(92,'532008502214787081',22,2,25681.00,NULL,'cancelled',NULL,NULL,'2025-12-04 07:47:56',NULL,NULL,NULL,17,NULL,'cancelled','没有备注'),(93,'532009262423998474',22,2,25681.00,NULL,'cancelled',NULL,NULL,'2025-12-04 07:47:51',NULL,NULL,NULL,17,NULL,'cancelled','没有备注'),(94,'532415793963466753',2,2,22.00,'1','paid',NULL,NULL,'2025-12-05 10:05:16','2025-12-05 10:05:16',NULL,NULL,12,NULL,'paid','没有备注'),(95,'532417335856726018',2,2,1499.00,'1','paid',NULL,NULL,'2025-12-05 10:11:15','2025-12-05 10:11:15',NULL,NULL,12,NULL,'paid','没有备注'),(96,'532461844602814467',2,2,22.00,'1','paid','2','YT_744556600781','2025-12-05 13:07:14','2025-12-05 13:03:57','2025-12-05 13:07:14',NULL,12,13,'shipped','没有备注'),(97,'532465632763969540',2,2,22.00,'1','paid','1','YD_782100327235','2025-12-05 13:19:56','2025-12-05 13:18:40','2025-12-05 13:19:34','2025-12-05 13:19:56',12,12,'delivered','没有备注'),(98,'532465662828740613',2,2,22.00,'0','paid','1','YD_823969587972','2025-12-05 13:19:58','2025-12-05 13:18:48','2025-12-05 13:19:27','2025-12-05 13:19:58',13,12,'delivered','没有备注'),(99,'532474574885879814',22,2,22.00,NULL,'cancelled',NULL,NULL,'2025-12-05 14:03:25',NULL,NULL,NULL,17,NULL,'cancelled','订单已超时，自动取消'),(100,'532475163296399367',22,2,22.00,'1','refunded','2','YT_760206770686','2025-12-05 13:56:59','2025-12-05 13:55:38','2025-12-05 13:56:30','2025-12-05 13:56:59',17,13,'cancelled','没有备注'),(101,'532476241333190664',22,2,1499.00,NULL,'cancelled',NULL,NULL,'2025-12-05 14:09:47',NULL,NULL,NULL,17,NULL,'cancelled','订单已超时，自动取消'),(102,'532476357297307657',22,2,3004.00,'1','paid',NULL,NULL,'2025-12-05 14:00:16','2025-12-05 14:00:16',NULL,NULL,17,NULL,'paid','没有备注');
/*!40000 ALTER TABLE `orders` ENABLE KEYS */;
UNLOCK TABLES;

--
-- Table structure for table `payment_records`
--

DROP TABLE IF EXISTS `payment_records`;
/*!40101 SET @saved_cs_client     = @@character_set_client */;
/*!50503 SET character_set_client = utf8mb4 */;
CREATE TABLE `payment_records` (
  `id` bigint unsigned NOT NULL AUTO_INCREMENT,
  `order_id` bigint unsigned NOT NULL COMMENT '订单ID',
  `payment_number` varchar(50) COLLATE utf8mb4_unicode_ci NOT NULL COMMENT '支付流水号',
  `amount` decimal(10,2) NOT NULL COMMENT '支付金额',
  `payment_method` varchar(50) COLLATE utf8mb4_unicode_ci NOT NULL COMMENT '支付方式',
  `payment_status` enum('pending','success','failed','refunded') COLLATE utf8mb4_unicode_ci DEFAULT 'pending',
  `transaction_id` varchar(100) COLLATE utf8mb4_unicode_ci DEFAULT NULL COMMENT '第三方交易ID',
  `paid_time` datetime DEFAULT NULL COMMENT '支付时间',
  `created_time` datetime DEFAULT CURRENT_TIMESTAMP,
  PRIMARY KEY (`id`),
  UNIQUE KEY `payment_number` (`payment_number`),
  KEY `order_id` (`order_id`),
  KEY `idx_payment_number` (`payment_number`),
  KEY `idx_transaction_id` (`transaction_id`),
  CONSTRAINT `payment_records_ibfk_1` FOREIGN KEY (`order_id`) REFERENCES `orders` (`id`)
) ENGINE=InnoDB DEFAULT CHARSET=utf8mb4 COLLATE=utf8mb4_unicode_ci COMMENT='支付记录表';
/*!40101 SET character_set_client = @saved_cs_client */;

--
-- Dumping data for table `payment_records`
--

LOCK TABLES `payment_records` WRITE;
/*!40000 ALTER TABLE `payment_records` DISABLE KEYS */;
/*!40000 ALTER TABLE `payment_records` ENABLE KEYS */;
UNLOCK TABLES;

--
-- Table structure for table `product`
--

DROP TABLE IF EXISTS `product`;
/*!40101 SET @saved_cs_client     = @@character_set_client */;
/*!50503 SET character_set_client = utf8mb4 */;
CREATE TABLE `product` (
  `id` bigint unsigned NOT NULL AUTO_INCREMENT COMMENT '商品ID',
  `name` varchar(200) CHARACTER SET utf8mb4 COLLATE utf8mb4_unicode_ci NOT NULL COMMENT '商品名称',
  `description` text CHARACTER SET utf8mb4 COLLATE utf8mb4_unicode_ci COMMENT '商品描述',
  `price` decimal(10,2) NOT NULL COMMENT '价格',
  `stock_quantity` int DEFAULT '0' COMMENT '库存数量',
  `category_id` bigint unsigned NOT NULL COMMENT '分类ID',
  `sku` varchar(100) CHARACTER SET utf8mb4 COLLATE utf8mb4_unicode_ci NOT NULL COMMENT '商品SKU',
  `image_url` varchar(500) CHARACTER SET utf8mb4 COLLATE utf8mb4_unicode_ci DEFAULT '' COMMENT '商品图片URL',
  `is_active` tinyint DEFAULT '1' COMMENT '是否上架: 0-下架, 1-上架',
  `merchant_id` bigint unsigned NOT NULL COMMENT '商家ID',
  `created_time` datetime DEFAULT CURRENT_TIMESTAMP COMMENT '创建时间',
  `updated_time` datetime DEFAULT CURRENT_TIMESTAMP ON UPDATE CURRENT_TIMESTAMP COMMENT '更新时间',
  `favorite` int DEFAULT '0' COMMENT '喜欢数量',
  `rating_count` int DEFAULT '0' COMMENT '评价数量',
  `rating` decimal(3,2) DEFAULT '0.00' COMMENT '商家评分',
  PRIMARY KEY (`id`),
  UNIQUE KEY `sku` (`sku`),
  KEY `idx_category_id` (`category_id`),
  KEY `idx_merchant_id` (`merchant_id`),
  KEY `idx_sku` (`sku`),
  KEY `idx_is_active` (`is_active`),
  KEY `idx_created_time` (`created_time`),
  CONSTRAINT `fk_product_category` FOREIGN KEY (`category_id`) REFERENCES `product_category` (`id`),
  CONSTRAINT `fk_product_merchant` FOREIGN KEY (`merchant_id`) REFERENCES `merchant` (`id`)
) ENGINE=InnoDB AUTO_INCREMENT=12 DEFAULT CHARSET=utf8mb4 COLLATE=utf8mb4_unicode_ci COMMENT='商品表';
/*!40101 SET character_set_client = @saved_cs_client */;

--
-- Dumping data for table `product`
--

LOCK TABLES `product` WRITE;
/*!40000 ALTER TABLE `product` DISABLE KEYS */;
INSERT INTO `product` VALUES (3,'小米14 Pro 5G手机','骁龙8 Gen3处理器，2K OLED屏幕',5299.00,944,2,'XM14P-12+256-BLACK','https://img1.baidu.com/it/u=931253747,4080950605&fm=253&fmt=auto&app=138&f=JPEG?w=500&h=750',1,1,'2025-11-11 10:08:18','2025-12-04 20:05:53',4,0,0.00),(4,'华为Mate 60 Pro','麒麟9000s芯片，卫星通信',6499.00,990,2,'HW-MATE60-8+256-SILVER','https://tse1-mm.cn.bing.net/th/id/OIP-C.Fk6CW5LbxnPObDG1t_IcAQHaHa?w=189&h=189&c=7&r=0&o=7&cb=ucfimg2&dpr=1.5&pid=1.7&rm=3&ucfimg=1',1,1,'2025-11-11 10:08:18','2025-12-04 20:05:53',3,0,0.00),(5,'晨光橡皮擦666','一擦就没巨好用！',6.00,1001,7,'WHITE 3*3*2cm BIG','https://t14.baidu.com/it/u=4174676134,3989774090&fm=224&app=112&f=JPEG?w=500&h=500',1,2,'2025-11-11 13:36:00','2025-12-05 22:00:15',2,0,0.00),(6,'迈从Ace68 air 加强电竞版本','磁轴8k刷新率，巨好用',268.00,967,5,'白桃渐变粉 68键','https://tse1-mm.cn.bing.net/th/id/OIP-C.2l6NbT6w3WLe0bZRFjWpHAHaHa?w=175&h=180&c=7&r=0&o=7&cb=ucfimg2&dpr=1.5&pid=1.7&rm=3&ucfimg=1',1,1,NULL,'2025-12-04 20:05:53',1,0,0.00),(8,'梅西头像','球王梅西',22.00,95,61,'梅西头像很帅气','https://web-management-ai.oss-cn-beijing.aliyuncs.com/2025/11/b718733f-50a3-488b-864f-c638bc84b6f7.jpg',1,2,NULL,'2025-12-05 21:59:10',1,4,3.44),(9,'山地自行车','日行千里',1499.00,294,47,'蓝色','https://tse4-mm.cn.bing.net/th/id/OIP-C.Q5XP9BnAtU1I3d79cbHptgHaGu?w=210&h=191&c=7&r=0&o=7&dpr=1.5&pid=1.7&rm=3',1,2,NULL,'2025-12-05 22:00:15',0,0,0.00),(10,'米卡萨排球','耐久耐磨可以打一万场',349.99,1,46,'赛场专用球','https://p0.ssl.qhimgs1.com/sdr/400__/t015f94e1226fe6b93e.jpg',1,2,NULL,'2025-12-08 20:04:15',1,1,4.00),(11,'飞机杯','',999.00,0,25,'粉色','https://ts3.tc.mm.bing.net/th/id/OIP-C.g6ipSiGHbV7EyElTT1ZpTQHaFl?rs=1&pid=ImgDetMain&o=7&rm=3',0,7,NULL,'2025-12-04 20:05:53',0,1,5.00);
/*!40000 ALTER TABLE `product` ENABLE KEYS */;
UNLOCK TABLES;

--
-- Table structure for table `product_category`
--

DROP TABLE IF EXISTS `product_category`;
/*!40101 SET @saved_cs_client     = @@character_set_client */;
/*!50503 SET character_set_client = utf8mb4 */;
CREATE TABLE `product_category` (
  `id` bigint unsigned NOT NULL AUTO_INCREMENT COMMENT '分类ID',
  `name` varchar(100) COLLATE utf8mb4_unicode_ci NOT NULL COMMENT '分类名称',
  `parent_id` bigint NOT NULL DEFAULT '0' COMMENT '父分类ID（0表示一级分类）',
  `level` tinyint NOT NULL COMMENT '分类级别（1：一级，2：二级，3：三级）',
  `sort` int NOT NULL DEFAULT '0' COMMENT '排序（数值越小越靠前）',
  `icon` varchar(255) COLLATE utf8mb4_unicode_ci DEFAULT NULL COMMENT '分类图标URL',
  `description` varchar(500) COLLATE utf8mb4_unicode_ci DEFAULT NULL COMMENT '分类描述',
  `status` tinyint NOT NULL DEFAULT '1' COMMENT '状态（0：禁用，1：启用）',
  `created_time` datetime NOT NULL DEFAULT CURRENT_TIMESTAMP COMMENT '创建时间',
  `updated_time` datetime NOT NULL DEFAULT CURRENT_TIMESTAMP ON UPDATE CURRENT_TIMESTAMP COMMENT '更新时间',
  PRIMARY KEY (`id`),
  KEY `idx_parent_id` (`parent_id`) COMMENT '父分类索引，用于查询子分类',
  KEY `idx_status_level` (`status`,`level`) COMMENT '状态+级别索引，用于筛选有效分类'
) ENGINE=InnoDB AUTO_INCREMENT=62 DEFAULT CHARSET=utf8mb4 COLLATE=utf8mb4_unicode_ci COMMENT='商品分类表';
/*!40101 SET character_set_client = @saved_cs_client */;

--
-- Dumping data for table `product_category`
--

LOCK TABLES `product_category` WRITE;
/*!40000 ALTER TABLE `product_category` DISABLE KEYS */;
INSERT INTO `product_category` VALUES (1,'电子产品',0,1,1,'','手机、电脑等数码产品',1,'2025-11-09 22:29:51','2025-11-17 18:39:01'),(2,'手机',1,2,1,'',NULL,1,'2025-11-09 22:29:53','2025-11-17 18:39:01'),(4,'电脑',1,2,1,NULL,'电脑产品',1,'2025-11-10 21:33:29','2025-11-10 21:33:34'),(5,'键盘',1,2,1,NULL,'键盘',1,'2025-11-10 21:34:35','2025-11-10 21:34:37'),(6,'学习用品',0,1,1,NULL,'橡皮擦，圆珠笔等',1,'2025-11-10 21:37:53','2025-11-10 21:37:55'),(7,'橡皮擦',6,2,1,NULL,'橡皮',1,'2025-11-10 21:38:24','2025-11-10 21:38:26'),(8,'圆珠笔',6,2,0,NULL,NULL,1,'2025-11-10 21:38:31','2025-11-10 21:38:31'),(11,'服装鞋帽',0,1,2,NULL,'服装、鞋类、帽子等服饰产品',1,'2025-11-17 18:40:00','2025-11-17 18:40:00'),(12,'家居百货',0,1,3,NULL,'家居用品、厨房用具、日常百货',1,'2025-11-17 18:40:00','2025-11-17 18:40:00'),(13,'美妆个护',0,1,4,NULL,'化妆品、护肤品、个人护理用品',1,'2025-11-17 18:40:00','2025-11-17 18:40:00'),(14,'食品饮料',0,1,5,NULL,'各类食品、饮料、生鲜产品',1,'2025-11-17 18:40:00','2025-11-17 18:40:00'),(15,'运动户外',0,1,6,NULL,'运动器材、户外装备、健身用品',1,'2025-11-17 18:40:00','2025-11-17 18:40:00'),(16,'图书文娱',0,1,7,NULL,'图书、音像、文具、娱乐产品',1,'2025-11-17 18:40:00','2025-11-17 18:40:00'),(17,'母婴玩具',0,1,8,NULL,'母婴用品、儿童玩具、孕产产品',1,'2025-11-17 18:40:00','2025-11-17 18:40:00'),(18,'汽车用品',0,1,9,NULL,'汽车配件、车载用品、维修工具',1,'2025-11-17 18:40:00','2025-11-17 18:40:00'),(24,'铅笔',6,2,2,NULL,'各类铅笔产品',1,'2025-11-17 18:42:00','2025-11-17 18:42:00'),(25,'笔记本',6,2,3,NULL,'练习本、日记本等',1,'2025-11-17 18:42:00','2025-11-17 18:42:00'),(26,'文具套装',6,2,4,NULL,'多功能文具组合',1,'2025-11-17 18:42:00','2025-11-17 18:42:00'),(27,'书包',6,2,5,NULL,'学生书包、背包',1,'2025-11-17 18:42:00','2025-11-17 18:42:00'),(28,'男装',11,2,1,NULL,'男士服装',1,'2025-11-17 18:43:00','2025-11-17 18:43:00'),(29,'女装',11,2,2,NULL,'女士服装',1,'2025-11-17 18:43:00','2025-11-17 18:43:00'),(30,'童装',11,2,3,NULL,'儿童服装',1,'2025-11-17 18:43:00','2025-11-17 18:43:00'),(31,'运动鞋',11,2,4,NULL,'运动休闲鞋',1,'2025-11-17 18:43:00','2025-11-17 18:43:00'),(32,'配饰',11,2,5,NULL,'帽子、围巾等配饰',1,'2025-11-17 18:43:00','2025-11-17 18:43:00'),(33,'厨房用具',12,2,1,NULL,'锅碗瓢盆等厨房用品',1,'2025-11-17 18:44:00','2025-11-17 18:44:00'),(34,'家纺布艺',12,2,2,NULL,'床上用品、窗帘等',1,'2025-11-17 18:44:00','2025-11-17 18:44:00'),(35,'收纳整理',12,2,3,NULL,'收纳箱、储物柜等',1,'2025-11-17 18:44:00','2025-11-17 18:44:00'),(36,'清洁用品',12,2,4,NULL,'洗涤剂、清洁工具',1,'2025-11-17 18:44:00','2025-11-17 18:44:00'),(37,'护肤',13,2,1,NULL,'面部护肤产品',1,'2025-11-17 18:45:00','2025-11-17 18:45:00'),(38,'彩妆',13,2,2,NULL,'化妆品',1,'2025-11-17 18:45:00','2025-11-17 18:45:00'),(39,'香水',13,2,3,NULL,'香水、香氛',1,'2025-11-17 18:45:00','2025-11-17 18:45:00'),(40,'个人护理',13,2,4,NULL,'洗护发、口腔护理',1,'2025-11-17 18:45:00','2025-11-17 18:45:00'),(41,'休闲零食',14,2,1,NULL,'饼干、糖果、坚果等',1,'2025-11-17 18:46:00','2025-11-17 18:46:00'),(42,'酒水饮料',14,2,2,NULL,'各类饮品',1,'2025-11-17 18:46:00','2025-11-17 18:46:00'),(43,'生鲜食品',14,2,3,NULL,'水果、蔬菜、肉类',1,'2025-11-17 18:46:00','2025-11-17 18:46:00'),(44,'粮油调味',14,2,4,NULL,'米面粮油、调味品',1,'2025-11-17 18:46:00','2025-11-17 18:46:00'),(45,'健身器材',15,2,1,NULL,'家用健身器械',1,'2025-11-17 18:47:00','2025-11-17 18:47:00'),(46,'球类运动',15,2,2,NULL,'篮球、足球等',1,'2025-11-17 18:47:00','2025-11-17 18:47:00'),(47,'户外装备',15,2,3,NULL,'帐篷、登山杖等',1,'2025-11-17 18:47:00','2025-11-17 18:47:00'),(48,'运动服饰',15,2,4,NULL,'运动服装',1,'2025-11-17 18:47:00','2025-11-17 18:47:00'),(49,'文学小说',16,2,1,NULL,'文学作品、小说',1,'2025-11-17 18:48:00','2025-11-17 18:48:00'),(50,'教育教材',16,2,2,NULL,'教科书、辅导书',1,'2025-11-17 18:48:00','2025-11-17 18:48:00'),(51,'儿童读物',16,2,3,NULL,'儿童图书、绘本',1,'2025-11-17 18:48:00','2025-11-17 18:48:00'),(52,'音乐影视',16,2,4,NULL,'CD、DVD等音像制品',1,'2025-11-17 18:48:00','2025-11-17 18:48:00'),(53,'奶粉辅食',17,2,1,NULL,'婴儿食品',1,'2025-11-17 18:49:00','2025-11-17 18:49:00'),(54,'童车童床',17,2,2,NULL,'儿童推车、婴儿床',1,'2025-11-17 18:49:00','2025-11-17 18:49:00'),(55,'玩具',17,2,3,NULL,'各类儿童玩具',1,'2025-11-17 18:49:00','2025-11-17 18:49:00'),(56,'孕产用品',17,2,4,NULL,'孕妇装、待产包',1,'2025-11-17 18:49:00','2025-11-17 18:49:00'),(57,'汽车配件',18,2,1,NULL,'轮胎、刹车片等',1,'2025-11-17 18:50:00','2025-11-17 18:50:00'),(58,'车载电器',18,2,2,NULL,'导航仪、行车记录仪',1,'2025-11-17 18:50:00','2025-11-17 18:50:00'),(59,'汽车保养',18,2,3,NULL,'机油、清洗剂等',1,'2025-11-17 18:50:00','2025-11-17 18:50:00'),(60,'汽车装饰',18,2,4,NULL,'座套、挂件等装饰品',1,'2025-11-17 18:50:00','2025-11-17 18:50:00'),(61,'其它',0,1,1,NULL,NULL,1,'2025-11-18 23:08:06','2025-11-18 23:08:06');
/*!40000 ALTER TABLE `product_category` ENABLE KEYS */;
UNLOCK TABLES;

--
-- Table structure for table `product_review`
--

DROP TABLE IF EXISTS `product_review`;
/*!40101 SET @saved_cs_client     = @@character_set_client */;
/*!50503 SET character_set_client = utf8mb4 */;
CREATE TABLE `product_review` (
  `id` bigint unsigned NOT NULL AUTO_INCREMENT COMMENT '评价id',
  `user_id` bigint unsigned NOT NULL COMMENT '用户id',
  `product_id` bigint unsigned NOT NULL COMMENT '商品id',
  `order_id` bigint unsigned NOT NULL COMMENT '订单id',
  `order_item_id` bigint unsigned NOT NULL COMMENT '订单项id',
  `content` text COLLATE utf8mb4_unicode_ci NOT NULL COMMENT '评论内容',
  `image` text COLLATE utf8mb4_unicode_ci COMMENT '评论图片',
  `rating` decimal(3,2) NOT NULL COMMENT '评分',
  `review_time` timestamp NULL DEFAULT NULL COMMENT '评论时间',
  `merchant_reply` text COLLATE utf8mb4_unicode_ci COMMENT '商家回复内容',
  `reply_time` timestamp NULL DEFAULT NULL COMMENT '商家回复时间',
  `create_time` timestamp NOT NULL DEFAULT CURRENT_TIMESTAMP COMMENT '创建时间',
  `update_time` timestamp NOT NULL DEFAULT CURRENT_TIMESTAMP ON UPDATE CURRENT_TIMESTAMP COMMENT '更新时间',
  PRIMARY KEY (`id`),
  KEY `fk_review_user` (`user_id`),
  KEY `fk_review_product` (`product_id`),
  KEY `fk_review_orders` (`order_id`),
  KEY `fk_review_order_items` (`order_item_id`),
  CONSTRAINT `fk_review_order_items` FOREIGN KEY (`order_item_id`) REFERENCES `order_items` (`id`),
  CONSTRAINT `fk_review_orders` FOREIGN KEY (`order_id`) REFERENCES `orders` (`id`),
  CONSTRAINT `fk_review_product` FOREIGN KEY (`product_id`) REFERENCES `product` (`id`),
  CONSTRAINT `fk_review_user` FOREIGN KEY (`user_id`) REFERENCES `user` (`id`)
) ENGINE=InnoDB AUTO_INCREMENT=10 DEFAULT CHARSET=utf8mb4 COLLATE=utf8mb4_unicode_ci COMMENT='商品评论表';
/*!40101 SET character_set_client = @saved_cs_client */;

--
-- Dumping data for table `product_review`
--

LOCK TABLES `product_review` WRITE;
/*!40000 ALTER TABLE `product_review` DISABLE KEYS */;
INSERT INTO `product_review` VALUES (4,22,10,34,47,'感觉还行啊','',4.00,'2025-12-04 16:05:16','谢谢您的评价！','2025-12-04 17:35:02','2025-12-04 16:05:15','2025-12-04 17:35:02'),(5,22,8,33,46,'C罗才是球王','',3.00,'2025-12-04 16:05:29','感谢您的评价，本店将会更加努力','2025-12-04 17:32:48','2025-12-04 16:05:28','2025-12-04 17:32:48'),(6,2,11,78,103,'好用舒服，喜欢','https://web-management-ai.oss-cn-beijing.aliyuncs.com/2025/12/c0b7579b-1d68-46f8-89ad-c6fb6473cf62.png',5.00,'2025-12-05 13:04:15',NULL,NULL,'2025-12-05 13:04:14','2025-12-05 13:04:14'),(7,2,8,98,125,'梅西好帅啊啊啊啊啊','https://web-management-ai.oss-cn-beijing.aliyuncs.com/2025/12/36b20cc2-0a6b-447c-a801-6f4063ce0ed0.jpg,https://web-management-ai.oss-cn-beijing.aliyuncs.com/2025/12/ab6ea606-5bb4-4c1e-98c2-f8b0c4edc183.jpg,https://web-management-ai.oss-cn-beijing.aliyuncs.com/2025/12/72527026-3971-45ed-b173-dff229efc8bd.png',4.50,'2025-12-05 13:20:22',NULL,NULL,'2025-12-05 13:20:21','2025-12-05 13:20:21'),(8,2,8,97,124,'就会假摔的','https://web-management-ai.oss-cn-beijing.aliyuncs.com/2025/12/384de9a6-43a9-4d2a-9615-cc631e7fec9f.png',5.00,'2025-12-05 13:20:40','22222222','2025-12-05 13:55:51','2025-12-05 13:20:40','2025-12-05 13:55:51'),(9,22,8,100,127,'2222222222222222','',5.00,'2025-12-05 13:57:13','感谢您的评价哦','2025-12-05 13:58:04','2025-12-05 13:57:12','2025-12-05 13:58:04');
/*!40000 ALTER TABLE `product_review` ENABLE KEYS */;
UNLOCK TABLES;

--
-- Table structure for table `return_audit`
--

DROP TABLE IF EXISTS `return_audit`;
/*!40101 SET @saved_cs_client     = @@character_set_client */;
/*!50503 SET character_set_client = utf8mb4 */;
CREATE TABLE `return_audit` (
  `id` bigint NOT NULL AUTO_INCREMENT COMMENT '审核记录ID',
  `order_id` bigint NOT NULL COMMENT '关联订单ID',
  `user_id` bigint NOT NULL COMMENT '申请人（用户ID）',
  `merchant_id` bigint NOT NULL COMMENT '审核人（商家ID）',
  `return_reason` varchar(500) NOT NULL COMMENT '用户退货理由',
  `return_images` varchar(1000) DEFAULT NULL COMMENT '退货凭证图片URL（多个用逗号分隔）',
  `audit_reason` varchar(500) DEFAULT NULL COMMENT '商家审核理由（拒绝时必填）',
  `audit_status` tinyint NOT NULL COMMENT '审核状态：0-待审核，1-已批准，2-已拒绝',
  `apply_time` datetime NOT NULL DEFAULT CURRENT_TIMESTAMP COMMENT '申请时间',
  `audit_time` datetime DEFAULT NULL COMMENT '审核时间',
  PRIMARY KEY (`id`),
  KEY `idx_order_id` (`order_id`),
  KEY `idx_merchant_id_audit_status` (`merchant_id`,`audit_status`)
) ENGINE=InnoDB AUTO_INCREMENT=35 DEFAULT CHARSET=utf8mb4 COLLATE=utf8mb4_0900_ai_ci COMMENT='退货审核记录表';
/*!40101 SET character_set_client = @saved_cs_client */;

--
-- Dumping data for table `return_audit`
--

LOCK TABLES `return_audit` WRITE;
/*!40000 ALTER TABLE `return_audit` DISABLE KEYS */;
INSERT INTO `return_audit` VALUES (11,31,22,2,'不好用,动不动就漏气','https://web-management-ai.oss-cn-beijing.aliyuncs.com/2025/11/c271eed5-e7ff-465e-b2ef-5b1e9eb9d44a.png','球踏马都全是灰尘了你跟我说漏气????',2,'2025-11-25 19:54:46','2025-11-25 20:14:00'),(12,30,22,2,'不好擦，不信你来擦试试','','',1,'2025-11-25 20:37:26','2025-11-25 21:09:59'),(13,31,22,2,'就是不想要了啊','','不行',2,'2025-11-25 21:14:12','2025-11-25 21:14:28'),(14,31,22,2,'真的不想要了','','好吧，感谢您对本店铺的信任，商品对您造成的困扰我们非常抱歉!',1,'2025-11-25 23:32:05','2025-11-25 23:33:01'),(15,33,22,2,'送错地址了','','那你该地址就行了',2,'2025-11-25 23:37:09','2025-11-25 23:37:28'),(16,38,22,2,'不想要了，求你了','','',1,'2025-11-27 01:41:59','2025-11-27 01:43:04'),(17,41,22,2,'真的不想要了','','',1,'2025-11-27 01:55:39','2025-11-27 01:55:48'),(18,42,22,2,'真的不想要了','','',1,'2025-11-27 01:57:35','2025-11-27 01:57:57'),(19,35,22,2,'真的不想要了','','',1,'2025-11-27 01:57:43','2025-11-27 01:57:56'),(20,37,22,2,'真的不想要了','','',1,'2025-11-27 01:58:21','2025-11-27 01:58:26'),(21,44,22,2,'真的不想要了','','',1,'2025-11-27 02:12:22','2025-11-27 02:12:28'),(22,45,22,2,'真的不想要了','','',1,'2025-11-27 02:23:20','2025-11-27 02:23:27'),(23,49,22,2,'不想要了a','','',1,'2025-11-27 02:50:07','2025-11-27 02:50:24'),(24,50,22,2,'不想要了a','','',1,'2025-11-27 02:50:17','2025-11-27 02:50:22'),(25,52,22,2,'不想要咯额','','',1,'2025-11-27 09:03:38','2025-11-27 09:04:11'),(26,56,22,2,'不需要了啊','','',1,'2025-11-27 09:26:53','2025-11-27 09:27:03'),(27,57,22,2,'不想要了啊','','',1,'2025-11-27 09:30:16','2025-11-27 09:30:26'),(28,58,22,2,'不想要了啊','','',1,'2025-11-27 09:30:18','2025-11-27 09:30:24'),(29,78,2,7,'用了一点都不爽，垃圾玩意','','买了还要退',2,'2025-11-30 20:21:31','2025-11-30 20:21:49'),(30,84,22,2,'真的不要了','','不允许退货噢',2,'2025-12-04 00:44:33','2025-12-04 00:59:03'),(31,85,22,2,'不想要了呀','','',1,'2025-12-04 01:17:02','2025-12-04 01:48:29'),(32,98,2,2,'666不好看','','买了就不能退',2,'2025-12-05 21:22:35','2025-12-05 21:23:12'),(33,34,22,2,'真的不想要了','','',1,'2025-12-05 21:25:44','2025-12-08 20:04:16'),(34,100,22,2,'fsfasfafsaf','','',1,'2025-12-05 21:59:00','2025-12-05 21:59:10');
/*!40000 ALTER TABLE `return_audit` ENABLE KEYS */;
UNLOCK TABLES;

--
-- Table structure for table `user`
--

DROP TABLE IF EXISTS `user`;
/*!40101 SET @saved_cs_client     = @@character_set_client */;
/*!50503 SET character_set_client = utf8mb4 */;
CREATE TABLE `user` (
  `id` bigint unsigned NOT NULL AUTO_INCREMENT COMMENT '主键',
  `username` varchar(20) CHARACTER SET utf8mb4 COLLATE utf8mb4_unicode_ci NOT NULL COMMENT '账号',
  `password` varchar(255) CHARACTER SET utf8mb4 COLLATE utf8mb4_unicode_ci NOT NULL COMMENT '密码',
  `email` varchar(100) CHARACTER SET utf8mb4 COLLATE utf8mb4_unicode_ci DEFAULT NULL COMMENT '邮箱',
  `gender` tinyint DEFAULT '1' COMMENT '性别: 0-女, 1-男, 2-其他',
  `birthday` date DEFAULT NULL COMMENT '生日',
  `nick_name` varchar(32) CHARACTER SET utf8mb4 COLLATE utf8mb4_unicode_ci DEFAULT '' COMMENT '昵称,默认随机生成',
  `phone` varchar(11) CHARACTER SET utf8mb4 COLLATE utf8mb4_unicode_ci NOT NULL COMMENT '电话号码',
  `image` varchar(255) CHARACTER SET utf8mb4 COLLATE utf8mb4_unicode_ci DEFAULT '' COMMENT '头像URL',
  `address` varchar(100) CHARACTER SET utf8mb4 COLLATE utf8mb4_unicode_ci DEFAULT '' COMMENT '地址',
  `is_active` tinyint DEFAULT '1' COMMENT '是否激活: 0-禁用, 1-激活',
  `last_login` datetime DEFAULT NULL COMMENT '最后登录时间',
  `created_time` datetime DEFAULT CURRENT_TIMESTAMP COMMENT '创建时间',
  `updated_time` datetime DEFAULT CURRENT_TIMESTAMP ON UPDATE CURRENT_TIMESTAMP COMMENT '修改时间',
  PRIMARY KEY (`id`),
  UNIQUE KEY `username` (`username`),
  UNIQUE KEY `phone` (`phone`),
  UNIQUE KEY `email` (`email`),
  KEY `idx_username` (`username`),
  KEY `idx_phone` (`phone`),
  KEY `idx_email` (`email`)
) ENGINE=InnoDB AUTO_INCREMENT=31 DEFAULT CHARSET=utf8mb4 COLLATE=utf8mb4_unicode_ci COMMENT='用户表';
/*!40101 SET character_set_client = @saved_cs_client */;

--
-- Dumping data for table `user`
--

LOCK TABLES `user` WRITE;
/*!40000 ALTER TABLE `user` DISABLE KEYS */;
INSERT INTO `user` VALUES (1,'zhangsan','zxydawang',NULL,1,NULL,'','13800138000','','',1,'2025-12-03 22:46:34','2025-11-09 23:59:30','2025-12-03 22:46:33'),(2,'2018147749','520zxy','2018147749@qq.com',1,'2004-06-01','荒天','18084425488','https://img13.360buyimg.com/n5/s114x114_jfs/t1/362508/23/660/102375/690f1621F0f336495/326bc61f3c434699.jpg.avif','贵州省荔波县',1,'2025-12-08 20:13:49','2025-11-10 00:05:00','2025-12-08 20:13:48'),(10,'lisi2024','Lisi123456',NULL,1,NULL,'user_jBJVRKEXlG','13900139000','','',1,NULL,'2025-11-10 17:58:26','2025-11-10 17:58:26'),(22,'scutmmq','520zxy','2018147729@qq.com',0,'2025-11-03','zxy','18565141093','https://web-management-ai.oss-cn-beijing.aliyuncs.com/2025/11/0977c037-66df-44bd-a2b1-0a6879b99d1f.jpg','',1,'2025-12-08 17:39:45','2025-11-13 14:17:04','2025-12-08 17:39:44'),(25,'222222AAaa','Zxy,200511','2018147748@qq.com',2,'2025-11-10','大蚂蚁吃外贸~~~@！！！','13222222222','','',1,'2025-11-13 14:32:10','2025-11-13 14:31:09','2025-11-13 14:32:09'),(27,'mmq2zxy','2004momingqin','2018147742@qq.com',0,'2004-06-01','莫明钦亲亲亲亲赵心雨','18045454434','https://web-management-ai.oss-cn-beijing.aliyuncs.com/2025/11/e0674cf8-c6dc-4a0b-9ba8-7b7a5fac9f77.jpg','荔波县',1,'2025-12-04 00:21:02','2025-11-13 14:52:36','2025-12-04 00:21:02'),(28,'mmqai','11111111','3287779682@qq.com',0,NULL,'user_ed3psihv0r','18185913752','','',1,NULL,'2025-11-17 22:54:30','2025-11-17 22:54:30'),(29,'wlnnd','123456','123@163.com',0,NULL,'玩李奶奶的','17818854213','','',1,NULL,'2025-11-30 20:10:57','2025-11-30 20:10:57'),(30,'LHMDS','123456','5564453@qq.com',2,NULL,'user_kafrmrtefd','15206115229','','',1,'2025-12-04 15:44:30','2025-11-30 20:14:44','2025-12-04 15:44:30');
/*!40000 ALTER TABLE `user` ENABLE KEYS */;
UNLOCK TABLES;

--
-- Table structure for table `user_address`
--

DROP TABLE IF EXISTS `user_address`;
/*!40101 SET @saved_cs_client     = @@character_set_client */;
/*!50503 SET character_set_client = utf8mb4 */;
CREATE TABLE `user_address` (
  `id` bigint unsigned NOT NULL AUTO_INCREMENT COMMENT '地址ID',
  `user_id` bigint unsigned NOT NULL COMMENT '用户ID',
  `recipient` varchar(50) COLLATE utf8mb4_unicode_ci NOT NULL COMMENT '收件人',
  `phone` varchar(20) COLLATE utf8mb4_unicode_ci NOT NULL COMMENT '收件电话',
  `province` varchar(20) COLLATE utf8mb4_unicode_ci NOT NULL COMMENT '省份',
  `city` varchar(20) COLLATE utf8mb4_unicode_ci NOT NULL COMMENT '城市',
  `district` varchar(20) COLLATE utf8mb4_unicode_ci DEFAULT '' COMMENT '区县',
  `detail` varchar(200) COLLATE utf8mb4_unicode_ci NOT NULL COMMENT '详细地址',
  `postal_code` varchar(10) COLLATE utf8mb4_unicode_ci DEFAULT '' COMMENT '邮政编码',
  `is_default` tinyint DEFAULT '0' COMMENT '是否默认地址',
  `created_time` datetime DEFAULT CURRENT_TIMESTAMP COMMENT '创建时间',
  `updated_time` datetime DEFAULT CURRENT_TIMESTAMP ON UPDATE CURRENT_TIMESTAMP COMMENT '更新时间',
  PRIMARY KEY (`id`),
  KEY `idx_user_id` (`user_id`),
  CONSTRAINT `fk_user_address_user` FOREIGN KEY (`user_id`) REFERENCES `user` (`id`) ON DELETE CASCADE
) ENGINE=InnoDB AUTO_INCREMENT=19 DEFAULT CHARSET=utf8mb4 COLLATE=utf8mb4_unicode_ci COMMENT='用户地址表';
/*!40101 SET character_set_client = @saved_cs_client */;

--
-- Dumping data for table `user_address`
--

LOCK TABLES `user_address` WRITE;
/*!40000 ALTER TABLE `user_address` DISABLE KEYS */;
INSERT INTO `user_address` VALUES (12,2,'莫明钦','18084425488','广东省','广州市','番禺区','华南理工大学大学城C12号宿舍楼','5585364',0,'2025-11-17 16:18:59','2025-11-24 00:13:38'),(13,2,'赵心雨','18185913751','贵州省','黔西南州','兴义市','阳光书院旁边驿站','558400',0,'2025-11-20 23:03:11','2025-11-20 23:03:11'),(14,27,'莫明钦','18084425488','请选择','广州市','番禺区','华南理工大学大学城C12号宿舍楼','558400',0,'2025-11-24 00:13:39','2025-11-25 14:47:37'),(15,1,'莫明露','13158343798','江苏省','南京市','栖霞区','办公大楼','',0,'2025-11-25 14:47:36','2025-11-25 19:07:08'),(16,22,'赵心雨','18185913751','广东省','广州市','天河区','华南理工大学五山校区小东门','558400',1,'2025-11-25 19:07:08','2025-12-05 22:14:07'),(17,22,'赵心颖','18185913751','贵州省','黔西南州','兴义市','兴义五中','558411',0,'2025-11-25 19:20:25','2025-12-05 22:14:07'),(18,29,'mq1n','17818854213','广东省','广州市','','519国际机场','',0,'2025-11-30 20:12:09','2025-11-30 20:12:09');
/*!40000 ALTER TABLE `user_address` ENABLE KEYS */;
UNLOCK TABLES;
/*!40103 SET TIME_ZONE=@OLD_TIME_ZONE */;

/*!40101 SET SQL_MODE=@OLD_SQL_MODE */;
/*!40014 SET FOREIGN_KEY_CHECKS=@OLD_FOREIGN_KEY_CHECKS */;
/*!40014 SET UNIQUE_CHECKS=@OLD_UNIQUE_CHECKS */;
/*!40101 SET CHARACTER_SET_CLIENT=@OLD_CHARACTER_SET_CLIENT */;
/*!40101 SET CHARACTER_SET_RESULTS=@OLD_CHARACTER_SET_RESULTS */;
/*!40101 SET COLLATION_CONNECTION=@OLD_COLLATION_CONNECTION */;
/*!40111 SET SQL_NOTES=@OLD_SQL_NOTES */;

-- Dump completed on 2025-12-08 22:01:23
